Company,Profile,File
1K Kirana Bazaar,Program Manager,All/1KKiranaBazaarProgramManager_1.html
1K Kirana Bazaar,Program Manager,All/1KKiranaBazaarProgramManager_2.html
64squares,Business Analyst,All/64squaresBusinessAnalyst_3.html
Abatek,Asia,All/AbatekAsia_4.html
AFRY India Private Limited,Hydraulics Engineer,All/AFRYIndiaPrivateLimitedHydraulicsEngineer_5.html
AFRY India Private Limited,Structural Engineer,All/AFRYIndiaPrivateLimitedStructuralEngineer_6.html
Air Liquide Global E&C Solutions Pvt. Ltd.,Trainee Engineer,All/AirLiquideGlobalECSolutionsPvtLtdTraineeEngineer_7.html
Amplus Solar,Associate - Data Science,All/AmplusSolarAssociateDataScience_8.html
Amplus Solar,Associate - Software Developer,All/AmplusSolarAssociateSoftwareDeveloper_9.html
ANZ,Engineers - IT,All/ANZEngineersIT_10.html
Arcesium India Pvt. Ltd.,Software Engineer,All/ArcesiumIndiaPvtLtdSoftwareEngineer_11.html
ARM Embeded,Gradate Engineer,All/ARMEmbededGradateEngineer_12.html
Arthmatetech Pvt Ltd,SDE,All/ArthmatetechPvtLtdSDE_13.html
Atlassian,Software Engineer,All/AtlassianSoftwareEngineer_14.html
Blume Global Inc,Associate Software Engineer,All/BlumeGlobalIncAssociateSoftwareEngineer_15.html
C-DAC,Knowledge Associate,All/CDACKnowledgeAssociate_16.html
CATALOG,Associate Protocol Engineer,All/CATALOGAssociateProtocolEngineer_17.html
Centre for Social Responsibility & Leadership,Academic Officer,All/CentreforSocialResponsibilityLeadershipAcademicOfficer_18.html
Chalo Mobility Private Limited,Software Development Engineer,All/ChaloMobilityPrivateLimitedSoftwareDevelopmentEngineer_19.html
Container Corporation of India Ltd.,Internship Trainee,All/ContainerCorporationofIndiaLtdInternshipTrainee_20.html
Container Corporation of India Ltd.,Internship Trainee,All/ContainerCorporationofIndiaLtdInternshipTrainee_21.html
Cubastion Consulting,Graduate Trainee Engineer,All/CubastionConsultingGraduateTraineeEngineer_22.html
Dataeaze,Data Scientist / Machine Learning Engineer,All/DataeazeDataScientistMachineLearningEngineer_23.html
Decathlon Sports private Limited,"Production Leader Quality , Industrialization , Supply chain in Apparel and Rawmaterial",All/DecathlonSportsprivateLimitedProductionLeaderQualityIndustri_24.html
Deepsight AI Labs,Computer Vision Engineer,All/DeepsightAILabsComputerVisionEngineer_25.html
E-Ring IT Solutions Private Limited,Software Development Engineer,All/ERingITSolutionsPrivateLimitedSoftwareDevelopmentEngineer_26.html
Edgeverve Systems Limited,Member of Technical Satff,All/EdgeverveSystemsLimitedMemberofTechnicalSatff_27.html
Eli Lilly Services Pvt Ltd,Trainee Software Engineer,All/EliLillyServicesPvtLtdTraineeSoftwareEngineer_28.html
Espressif Systems,Software Engineer,All/EspressifSystemsSoftwareEngineer_29.html
EY India,Associate Consultant,All/EYIndiaAssociateConsultant_30.html
Fareportal Pvt Ltd,Software Engineer,All/FareportalPvtLtdSoftwareEngineer_31.html
FCS Software Solutions Ltd,Quantitative Research Analyst,All/FCSSoftwareSolutionsLtdQuantitativeResearchAnalyst_32.html
FCS Software Solutions Ltd,Software Engineer,All/FCSSoftwareSolutionsLtdSoftwareEngineer_33.html
Felix Technology Inc,Proposal Engineer,All/FelixTechnologyIncProposalEngineer_34.html
FIITJEE LTD,"Business Evangelist - Strategy, Branding & Sales",All/FIITJEELTDBusinessEvangelistStrategyBrandingSales_35.html
Focus Energy Limited,Quantitative Research Analyst,All/FocusEnergyLimitedQuantitativeResearchAnalyst_36.html
Focus Energy Limited,Quantitative Research Analyst,All/FocusEnergyLimitedQuantitativeResearchAnalyst_37.html
GE Healthcare,EEDP,All/GEHealthcareEEDP_38.html
GIST,BI Analyst,All/GISTBIAnalyst_39.html
GIST,Developer Associate,All/GISTDeveloperAssociate_40.html
GMO Research Inc.,Software Development Engineer,All/GMOResearchIncSoftwareDevelopmentEngineer_41.html
GoodWorker Technologies,Software Development Engineer 1,All/GoodWorkerTechnologiesSoftwareDevelopmentEngineer1_42.html
Hero MotoCorp,PGET,All/HeroMotoCorpPGET_43.html
Hero MotoCorp,Software Developer 1,All/HeroMotoCorpSoftwareDeveloper1_44.html
Himatsingka Seide Ltd,Deputy Manager,All/HimatsingkaSeideLtdDeputyManager_45.html
Hindustan Petroleum Corporation Limited,Officer- Engineering,All/HindustanPetroleumCorporationLimitedOfficerEngineering_46.html
Hunter Express Ltd,Application Developer,All/HunterExpressLtdApplicationDeveloper_47.html
Incredible Devices Pvt Ltd,Embedded Electronics Engineer,All/IncredibleDevicesPvtLtdEmbeddedElectronicsEngineer_48.html
Indeed,Software Developer,All/IndeedSoftwareDeveloper_49.html
Infogen Labs Pvt Ltd,Junior Software Engineer,All/InfogenLabsPvtLtdJuniorSoftwareEngineer_50.html
Infoglen LLC,Salesforce Technology Freshers,All/InfoglenLLCSalesforceTechnologyFreshers_51.html
Ingram Micro Inc,Software Development Engineer,All/IngramMicroIncSoftwareDevelopmentEngineer_52.html
Innoplexus Consulting Services Pvt. Ltd???,Associate Software Engineer,All/InnoplexusConsultingServicesPvtLtdAssociateSoftwareEngineer_53.html
Innoplexus Consulting Services Pvt. Ltd???,Associate Software Engineer- ontology,All/InnoplexusConsultingServicesPvtLtdAssociateSoftwareEngineero_54.html
Innoplexus Consulting Services Pvt. Ltd???,Junior Data Scientist,All/InnoplexusConsultingServicesPvtLtdJuniorDataScientist_55.html
Innoplexus Consulting Services Pvt. Ltd???,Research Analyst,All/InnoplexusConsultingServicesPvtLtdResearchAnalyst_56.html
INSOFE,Assistant Professor/Associate Professor,All/INSOFEAssistantProfessorAssociateProfessor_57.html
IntelliBlock Technologies Private Limited,Blockchain Developer,All/IntelliBlockTechnologiesPrivateLimitedBlockchainDeveloper_58.html
ITRA,Associate Software Developer,All/ITRAAssociateSoftwareDeveloper_59.html
Jacobs,Graduate/ Post Graduate Engineer,All/JacobsGraduatePostGraduateEngineer_60.html
K12 Techno Services,SDE - 1,All/K12TechnoServicesSDE1_61.html
KHOSLA PROFIL PVT LTD,GET,All/KHOSLAPROFILPVTLTDGET_62.html
Kwikpic Ai Solutions,Backend Engineer,All/KwikpicAiSolutionsBackendEngineer_63.html
LatentView Analytics,Analyst,All/LatentViewAnalyticsAnalyst_64.html
Linecraft.ai,Machine Learning Engineer,All/LinecraftaiMachineLearningEngineer_65.html
Linecraft.ai,Software Engineer,All/LinecraftaiSoftwareEngineer_66.html
Listed DotFans Private Limited,SDE,All/ListedDotFansPrivateLimitedSDE_67.html
Masin Project Private Limited,"Experience- The infrastructure industry preferred Knowledge areas- Contracts management, Claims management, report writing. Software expertise- Microsoft office, MSP, Primavera Location- Gurugram Salary - As per market standards.",All/MasinProjectPrivateLimitedExperienceTheinfrastructureindustr_68.html
Mavenir Systems,P,All/MavenirSystemsP_69.html
Mavenir Systems,P,All/MavenirSystemsP_70.html
Merilytics,Senior Analyst - Data science,All/MerilyticsSeniorAnalystDatascience_71.html
Merilytics,Senior Business Analyst,All/MerilyticsSeniorBusinessAnalyst_72.html
Merilytics,Senior Technical Associate,All/MerilyticsSeniorTechnicalAssociate_73.html
Metroguild,Backend Developer,All/MetroguildBackendDeveloper_74.html
Metroguild,Frontend Developer,All/MetroguildFrontendDeveloper_75.html
mewt,SDE Frontend,All/mewtSDEFrontend_76.html
Microsoft India Pvt. Ltd.,Data Scientist,All/MicrosoftIndiaPvtLtdDataScientist_77.html
Millennium Semiconductors,"Innovation Engineering is for solving technology and business problems for organizations who want to innovate, adapt, and/or enter new markets using expertise in emerging technologies",All/MillenniumSemiconductorsInnovationEngineeringisforsolvingtec_78.html
Mobileum India Pvt Ltd,Data Scientist,All/MobileumIndiaPvtLtdDataScientist_79.html
Mobileum India Pvt Ltd,High Performance DPI Engineer,All/MobileumIndiaPvtLtdHighPerformanceDPIEngineer_80.html
Momspresso,Software Engineer,All/MomspressoSoftwareEngineer_81.html
NableIT Consultancy Services Pvt. Ltd.,Software Engineer- Artificial Intelligence and Machine Learning,All/NableITConsultancyServicesPvtLtdSoftwareEngineerArtificialIn_82.html
Nference Labs,Software Engineer,All/NferenceLabsSoftwareEngineer_83.html
NoBroker Technologies Solutions Private Limited,Android Developer,All/NoBrokerTechnologiesSolutionsPrivateLimitedAndroidDeveloper_84.html
NoBroker Technologies Solutions Private Limited,Associate Data Scientist,All/NoBrokerTechnologiesSolutionsPrivateLimitedAssociateDataScie_85.html
NoBroker Technologies Solutions Private Limited,Backend Developer,All/NoBrokerTechnologiesSolutionsPrivateLimitedBackendDeveloper_86.html
NoBroker Technologies Solutions Private Limited,Frontend Developer,All/NoBrokerTechnologiesSolutionsPrivateLimitedFrontendDeveloper_87.html
NoBroker Technologies Solutions Private Limited,IOS Developer,All/NoBrokerTechnologiesSolutionsPrivateLimitedIOSDeveloper_88.html
NoBroker Technologies Solutions Private Limited,Product Analyst,All/NoBrokerTechnologiesSolutionsPrivateLimitedProductAnalyst_89.html
OLX Autos,Data Engineer,All/OLXAutosDataEngineer_90.html
OLX Autos,Data Scientist,All/OLXAutosDataScientist_91.html
OLX Autos,Security Engineer,All/OLXAutosSecurityEngineer_92.html
Optimum,Core Role,All/OptimumCoreRole_93.html
Oyo Rooms,SDE -1,All/OyoRoomsSDE1_94.html
Paytm,Software Engineer,All/PaytmSoftwareEngineer_95.html
Pentair Water India Pvt Ltd,Associate Project Engineer-IoT,All/PentairWaterIndiaPvtLtdAssociateProjectEngineerIoT_96.html
Pentair Water India Pvt Ltd,Intern-IP,All/PentairWaterIndiaPvtLtdInternIP_97.html
Pentair Water India Pvt Ltd,Software Engineer - Embedded Hardware Developer,All/PentairWaterIndiaPvtLtdSoftwareEngineerEmbeddedHardwareDevel_98.html
Pentair Water India Pvt Ltd,Software Engineer - Embedded Software,All/PentairWaterIndiaPvtLtdSoftwareEngineerEmbeddedSoftware_99.html
Phablecare,Associate Software Engineer,All/PhablecareAssociateSoftwareEngineer_100.html
Piramal Foundation,Gandhi Fellowship,All/PiramalFoundationGandhiFellowship_101.html
Piramal Group,Graduate Engineer Trainee,All/PiramalGroupGraduateEngineerTrainee_102.html
Piramal Group,Graduate Engineer Trainee,All/PiramalGroupGraduateEngineerTrainee_103.html
Plutus Research Pvt Ltd,Infrastructure Developer,All/PlutusResearchPvtLtdInfrastructureDeveloper_104.html
Plutus Research Pvt Ltd,Quantitative Analyst,All/PlutusResearchPvtLtdQuantitativeAnalyst_105.html
Polyone Polymers India Pvt. Ltd.,R&D Chemist,All/PolyonePolymersIndiaPvtLtdRDChemist_106.html
Proklean Technologies Pvt. Ltd,Management Trainee - R&D,All/ProkleanTechnologiesPvtLtdManagementTraineeRD_107.html
Proklean Technologies Pvt. Ltd,Management Trainee - Sales,All/ProkleanTechnologiesPvtLtdManagementTraineeSales_108.html
Proklean Technologies Pvt. Ltd,Management Trainee - Sales Textile,All/ProkleanTechnologiesPvtLtdManagementTraineeSalesTextile_109.html
ProtoTech Solutions,Associate Software Developer,All/ProtoTechSolutionsAssociateSoftwareDeveloper_110.html
Quantiphi Analytics Solutions Pvt. Ltd.,Business Analyst,All/QuantiphiAnalyticsSolutionsPvtLtdBusinessAnalyst_111.html
Quantiphi Analytics Solutions Pvt. Ltd.,Framework Engineer,All/QuantiphiAnalyticsSolutionsPvtLtdFrameworkEngineer_112.html
Quantiphi Analytics Solutions Pvt. Ltd.,Machine Learning Engineer,All/QuantiphiAnalyticsSolutionsPvtLtdMachineLearningEngineer_113.html
RACEnergy,Electrical Engineer,All/RACEnergyElectricalEngineer_114.html
RACEnergy,Embedded Hardware Engineer,All/RACEnergyEmbeddedHardwareEngineer_115.html
RACEnergy,Mechanical Design Engineer,All/RACEnergyMechanicalDesignEngineer_116.html
RACEnergy,Power Electronics Engineer,All/RACEnergyPowerElectronicsEngineer_117.html
Raphe mPhibr Pvt Ltd,Research Engineer,All/RaphemPhibrPvtLtdResearchEngineer_118.html
RAPS iTech,Engineering Graduate Trainee,All/RAPSiTechEngineeringGraduateTrainee_119.html
RIA Insurance,Software Developer,All/RIAInsuranceSoftwareDeveloper_120.html
Richpanel Inc,Full-Stack Developer,All/RichpanelIncFullStackDeveloper_121.html
Ripik Technology,P,All/RipikTechnologyP_122.html
Ripik Technology,P,All/RipikTechnologyP_123.html
Ripik Technology,P,All/RipikTechnologyP_124.html
rtCamp,Web Engineer,All/rtCampWebEngineer_125.html
RxLogix corporation India Pvt Ltd,Associate Business Quality Analyst,All/RxLogixcorporationIndiaPvtLtdAssociateBusinessQualityAnalyst_126.html
SAP Labs,Central Business Configuration – Associate Developer,All/SAPLabsCentralBusinessConfigurationAssociateDeveloper_127.html
SAP Labs,Associate Developer - Data Science for AI Frontrunners India,All/SAPLabsAssociateDeveloperDataScienceforAIFrontrunnersIndia_128.html
SAP Labs,Associate Developer SAP BTP – ABAP Platform Developer Tools,All/SAPLabsAssociateDeveloperSAPBTPABAPPlatformDeveloperTools_129.html
SAP Labs,Developer Associate - Cloud Development,All/SAPLabsDeveloperAssociateCloudDevelopment_130.html
Shimizu Corporation India Pvt. Ltd,Civil Engineer,All/ShimizuCorporationIndiaPvtLtdCivilEngineer_131.html
Shimizu Corporation India Pvt. Ltd,Electrical Engineer,All/ShimizuCorporationIndiaPvtLtdElectricalEngineer_132.html
Shimizu Corporation India Pvt. Ltd,Mechanical Engineer,All/ShimizuCorporationIndiaPvtLtdMechanicalEngineer_133.html
Shiprocket,Graduate Engineer Trainee,All/ShiprocketGraduateEngineerTrainee_134.html
Siemens,PGTE,All/SiemensPGTE_135.html
Sigmoid,Associate Data Scientist,All/SigmoidAssociateDataScientist_136.html
Sigmoid,Associate Software Development Engineer,All/SigmoidAssociateSoftwareDevelopmentEngineer_137.html
SkilloVilla,Associate-Corporate Relations,All/SkilloVillaAssociateCorporateRelations_138.html
SkilloVilla,Growth Associate,All/SkilloVillaGrowthAssociate_139.html
SkilloVilla,Marketing Associate,All/SkilloVillaMarketingAssociate_140.html
Skilrock Technologies Pvt. Ltd.,Software Engineer Trainee - Technology Specialist Group,All/SkilrockTechnologiesPvtLtdSoftwareEngineerTraineeTechnologyS_141.html
SLB,Data Scientist,All/SLBDataScientist_142.html
SLB,Machine Learning Engineer,All/SLBMachineLearningEngineer_143.html
Speer Technologies,Full Stack Developer,All/SpeerTechnologiesFullStackDeveloper_144.html
Speer Technologies,Intermediate Full Stack Developer,All/SpeerTechnologiesIntermediateFullStackDeveloper_145.html
SRF Ltd,Design Trainee,All/SRFLtdDesignTrainee_146.html
SS Supply Chain Solution,Software Developer,All/SSSupplyChainSolutionSoftwareDeveloper_147.html
SS Supply Chain Solution,Software Developer,All/SSSupplyChainSolutionSoftwareDeveloper_148.html
Statcon Electronics India Limited,Embedded Software Engineer,All/StatconElectronicsIndiaLimitedEmbeddedSoftwareEngineer_149.html
Statcon Electronics India Limited,Machine Learning/AI Engineer,All/StatconElectronicsIndiaLimitedMachineLearningAIEngineer_150.html
Statcon Electronics India Limited,Production Engineer,All/StatconElectronicsIndiaLimitedProductionEngineer_151.html
Statcon Electronics India Limited,Sales & Marketing Professional,All/StatconElectronicsIndiaLimitedSalesMarketingProfessional_152.html
Statcon Electronics India Limited,UAV Robotics Software Engineer,All/StatconElectronicsIndiaLimitedUAVRoboticsSoftwareEngineer_153.html
Svaya Robotic,Post Graduate Engineer Trainee – Drives & Power Electronics,All/SvayaRoboticPostGraduateEngineerTraineeDrivesPowerElectronic_154.html
Svaya Robotic,Software Engineering,All/SvayaRoboticSoftwareEngineering_155.html
Techvantage Analytics,DATA SCIENTIST,All/TechvantageAnalyticsDATASCIENTIST_156.html
TRESATA TECHNOLOGIES PVT LTD,Data Engineer,All/TRESATATECHNOLOGIESPVTLTDDataEngineer_157.html
Tripoor Sciences,FUTURE FOUNDER INTERN INVITED,All/TripoorSciencesFUTUREFOUNDERINTERNINVITED_158.html
University of Oklahoma,PhD student,All/UniversityofOklahomaPhDstudent_159.html
Vahdam Teas,Production Manager,All/VahdamTeasProductionManager_160.html
Vahdam Teas,Revenue Manager,All/VahdamTeasRevenueManager_161.html
VE Commercial Vehicles Ltd.,PGET - Aftermarket,All/VECommercialVehiclesLtdPGETAftermarket_162.html
Virohan Private Limited,Data Scientist,All/VirohanPrivateLimitedDataScientist_163.html
Virohan Private Limited,Software Developer Engineer,All/VirohanPrivateLimitedSoftwareDeveloperEngineer_164.html
Zomato Limited,Product Analyst,All/ZomatoLimitedProductAnalyst_165.html
ZS Associates India Pvt. Ltd.,Data Science Associate,All/ZSAssociatesIndiaPvtLtdDataScienceAssociate_166.html
1K Kirana Bazaar,Product Analyst,All/1KKiranaBazaarProductAnalyst_167.html
1K Kirana Bazaar,Software Engineer,All/1KKiranaBazaarSoftwareEngineer_168.html
50 Hertz Ltd,Business Analyst,All/50HertzLtdBusinessAnalyst_169.html
A.T. Kearney Consulting India Private Limited,Business Analyst,All/ATKearneyConsultingIndiaPrivateLimitedBusinessAnalyst_170.html
Aakash Educational Services Limited,Assistant Lecturer,All/AakashEducationalServicesLimitedAssistantLecturer_171.html
Abacus.AI,Machine Learning Platform Engineer,All/AbacusAIMachineLearningPlatformEngineer_172.html
Accenture Japan Ltd.,AI Architect,All/AccentureJapanLtdAIArchitect_173.html
Accenture Japan Ltd.,Business Consultant,All/AccentureJapanLtdBusinessConsultant_174.html
Accenture Japan Ltd.,Data Scientist,All/AccentureJapanLtdDataScientist_175.html
Accenture Japan Ltd.,Digital Consultant,All/AccentureJapanLtdDigitalConsultant_176.html
Accenture Japan Ltd.,Strategy Consultant,All/AccentureJapanLtdStrategyConsultant_177.html
Accenture Solutions Pvt Ltd- Global Strategy & Consulting,S&C Delivery Associate,All/AccentureSolutionsPvtLtdGlobalStrategyConsultingSCDeliveryAs_178.html
ACHNET Inc,Software Engineer,All/ACHNETIncSoftwareEngineer_179.html
Acuvon Consulting Pvt. Ltd.,Analyst Level 2,All/AcuvonConsultingPvtLtdAnalystLevel2_180.html
Addverb Technologies,Graduate Engineer Trainee- Mobile Robotics.,All/AddverbTechnologiesGraduateEngineerTraineeMobileRobotics_181.html
Addverb Technologies,Graduate Engineer Trainee- Software,All/AddverbTechnologiesGraduateEngineerTraineeSoftware_182.html
Addverb Technologies,Researcher & Trainee Mobile Robotics,All/AddverbTechnologiesResearcherTraineeMobileRobotics_183.html
Aditya Birla Science & Technology Company Private Limited,Scientist,All/AdityaBirlaScienceTechnologyCompanyPrivateLimitedScientist_184.html
Aditya Birla Science & Technology Company Private Limited,Scientist,All/AdityaBirlaScienceTechnologyCompanyPrivateLimitedScientist_185.html
Aditya Birla Science & Technology Company Private Limited,Scientist,All/AdityaBirlaScienceTechnologyCompanyPrivateLimitedScientist_186.html
Aditya Birla Science & Technology Company Private Limited,Scientist,All/AdityaBirlaScienceTechnologyCompanyPrivateLimitedScientist_187.html
Aditya Birla Science & Technology Company Private Limited,Scientist,All/AdityaBirlaScienceTechnologyCompanyPrivateLimitedScientist_188.html
Advantage Club,Back End Developer,All/AdvantageClubBackEndDeveloper_189.html
Advantage Club,Business Analyst,All/AdvantageClubBusinessAnalyst_190.html
Advantage Club,Frontend Developer,All/AdvantageClubFrontendDeveloper_191.html
Advantage Club,iOS Developer,All/AdvantageClubiOSDeveloper_192.html
Advantage Club,Product Manager,All/AdvantageClubProductManager_193.html
Advantage Club,Quality Analyst and Testing Engineer,All/AdvantageClubQualityAnalystandTestingEngineer_194.html
AFRY India Private Limited,Hydraulics Engineer,All/AFRYIndiaPrivateLimitedHydraulicsEngineer_195.html
AFRY India Private Limited,Structural Engineer,All/AFRYIndiaPrivateLimitedStructuralEngineer_196.html
Aganitha Cognitive Solutions Pvt Ltd,Jr Full-Stack Data Scientist/Jr Developer,All/AganithaCognitiveSolutionsPvtLtdJrFullStackDataScientistJrDe_197.html
Agatsa Software Private Limited,Data Scientist,All/AgatsaSoftwarePrivateLimitedDataScientist_198.html
Agnikul Cosmos India Pvt Ltd,Aerospace Systems,All/AgnikulCosmosIndiaPvtLtdAerospaceSystems_199.html
Agnikul Cosmos Pvt Ltd,3D Modelling Designer,All/AgnikulCosmosPvtLtd3DModellingDesigner_200.html
Agnikul Cosmos Pvt Ltd,Additive Manufacturing Specialist,All/AgnikulCosmosPvtLtdAdditiveManufacturingSpecialist_201.html
Agnikul Cosmos Pvt Ltd,Embedded software engineer - Linux,All/AgnikulCosmosPvtLtdEmbeddedsoftwareengineerLinux_202.html
Agnikul Cosmos Pvt Ltd,LabVIEW Engineer,All/AgnikulCosmosPvtLtdLabVIEWEngineer_203.html
Agnikul Cosmos Pvt Ltd,Launch Vehicle Composites Engineer,All/AgnikulCosmosPvtLtdLaunchVehicleCompositesEngineer_204.html
Agnikul Cosmos Pvt Ltd,Launch Vehicle Operations Strategist,All/AgnikulCosmosPvtLtdLaunchVehicleOperationsStrategist_205.html
Agnikul Cosmos Pvt Ltd,Mission Design Software Developer,All/AgnikulCosmosPvtLtdMissionDesignSoftwareDeveloper_206.html
Agnikul Cosmos Pvt Ltd,Power Electronics Engineer,All/AgnikulCosmosPvtLtdPowerElectronicsEngineer_207.html
Agnikul Cosmos Pvt Ltd,Printed Circuit Board design engineer,All/AgnikulCosmosPvtLtdPrintedCircuitBoarddesignengineer_208.html
Agnikul Cosmos Pvt Ltd,RF Designer - Done,All/AgnikulCosmosPvtLtdRFDesignerDone_209.html
Agnikul Cosmos Pvt Ltd,Vehicle Dynamics Engineer,All/AgnikulCosmosPvtLtdVehicleDynamicsEngineer_210.html
Alchemic,AI Engineer,All/AlchemicAIEngineer_211.html
Alchemic,Business Executive,All/AlchemicBusinessExecutive_212.html
Alchemic,Full Stack Developer,All/AlchemicFullStackDeveloper_213.html
Alchemic,Operations Executive,All/AlchemicOperationsExecutive_214.html
Alchemic,Sales Executive,All/AlchemicSalesExecutive_215.html
Allen Career Institute Pvt Ltd,Trainee Faculty,All/AllenCareerInstitutePvtLtdTraineeFaculty_216.html
Allen Career Institute Pvt Ltd,Trainee Faculty,All/AllenCareerInstitutePvtLtdTraineeFaculty_217.html
AlphaGrep Securities,Quantitative Developer,All/AlphaGrepSecuritiesQuantitativeDeveloper_218.html
AlphaGrep Securities,Quantitative Trading Analyst,All/AlphaGrepSecuritiesQuantitativeTradingAnalyst_219.html
AlphaGrep Securities,Quantitative Trading Analyst,All/AlphaGrepSecuritiesQuantitativeTradingAnalyst_220.html
AlphaGrep Securities,Quantitative Trading Analyst,All/AlphaGrepSecuritiesQuantitativeTradingAnalyst_221.html
AlphaGrep Securities,Software Developer,All/AlphaGrepSecuritiesSoftwareDeveloper_222.html
AlphaGrep Securities,Software Developer,All/AlphaGrepSecuritiesSoftwareDeveloper_223.html
AlphaGrep Securities,Software Developer,All/AlphaGrepSecuritiesSoftwareDeveloper_224.html
Amazon,Applied Scientist I,All/AmazonAppliedScientistI_225.html
Amazon,Software Development Engineer FTE,All/AmazonSoftwareDevelopmentEngineerFTE_226.html
AMD,Software Design Engineer 1,All/AMDSoftwareDesignEngineer1_227.html
AMD,Design Verification Engineer,All/AMDDesignVerificationEngineer_228.html
AMD,Silicon Design Engineer,All/AMDSiliconDesignEngineer_229.html
AMD,Silicon Design Engineer - DFT,All/AMDSiliconDesignEngineerDFT_230.html
AMD,Silicon Design Engineer - Software,All/AMDSiliconDesignEngineerSoftware_231.html
AMD,Silicon Design Engineer 2,All/AMDSiliconDesignEngineer2_232.html
AMD,System Software Designer,All/AMDSystemSoftwareDesigner_233.html
American Express,Management Trainee- Analytics,All/AmericanExpressManagementTraineeAnalytics_234.html
Amuse Labs,DevOps/IT Lead for PuzzleMe,All/AmuseLabsDevOpsITLeadforPuzzleMe_235.html
Amuse Labs,Full stack engineer,All/AmuseLabsFullstackengineer_236.html
ANALOG DEVICES,Digital Design Engineer,All/ANALOGDEVICESDigitalDesignEngineer_237.html
ANZ Support Services India Pvt Ltd,Associate Manager,All/ANZSupportServicesIndiaPvtLtdAssociateManager_238.html
ANZ Support Services India Pvt Ltd,Quant Developer,All/ANZSupportServicesIndiaPvtLtdQuantDeveloper_239.html
Apollo 24|7,Data scientist,All/Apollo247Datascientist_240.html
Apollo 24|7,Product/Ops analyst,All/Apollo247ProductOpsanalyst_241.html
Apollo 24|7,Software engineer,All/Apollo247Softwareengineer_242.html
AppDynamics,Software Engineer,All/AppDynamicsSoftwareEngineer_243.html
Applied Materials,Mechanical Engineer,All/AppliedMaterialsMechanicalEngineer_244.html
Apport Software Solutions Private Ltd,Android Developer,All/ApportSoftwareSolutionsPrivateLtdAndroidDeveloper_245.html
Apport Software Solutions Private Ltd,Backend Developer,All/ApportSoftwareSolutionsPrivateLtdBackendDeveloper_246.html
Apport Software Solutions Private Ltd,FrontEnd Develper,All/ApportSoftwareSolutionsPrivateLtdFrontEndDevelper_247.html
Apport Software Solutions Private Ltd,IOS Developer,All/ApportSoftwareSolutionsPrivateLtdIOSDeveloper_248.html
Apport Software Solutions Private Ltd,UX Designer,All/ApportSoftwareSolutionsPrivateLtdUXDesigner_249.html
Arthur D. Little,Business Analyst,All/ArthurDLittleBusinessAnalyst_250.html
Atlan,Backend Engineer,All/AtlanBackendEngineer_251.html
Atlan,Infrastructure Engineer,All/AtlanInfrastructureEngineer_252.html
Atlan,Security Engineer,All/AtlanSecurityEngineer_253.html
Atlan,Site Reliability Engineer,All/AtlanSiteReliabilityEngineer_254.html
Auctus Advisors Pvt Ltd,Business Analyst,All/AuctusAdvisorsPvtLtdBusinessAnalyst_255.html
Audify Tech,Android Developer,All/AudifyTechAndroidDeveloper_256.html
Audify Tech,Associate Product Manager - Gaming,All/AudifyTechAssociateProductManagerGaming_257.html
Audify Tech,Data Scientist,All/AudifyTechDataScientist_258.html
Audify Tech,Game Developer,All/AudifyTechGameDeveloper_259.html
Audify Tech,SDE - Full Stack Developer,All/AudifyTechSDEFullStackDeveloper_260.html
Auro Digital,Backend Developer,All/AuroDigitalBackendDeveloper_261.html
Auro Digital,Blockchain Analyst,All/AuroDigitalBlockchainAnalyst_262.html
Auro Digital,Front End Development,All/AuroDigitalFrontEndDevelopment_263.html
Auro Digital,Investment Analyst,All/AuroDigitalInvestmentAnalyst_264.html
Auronova Consulting,Analyst,All/AuronovaConsultingAnalyst_265.html
Avaada Energy Pvt. Ltd,Graduate Engineer Trainee,All/AvaadaEnergyPvtLtdGraduateEngineerTrainee_266.html
Axis Bank Limited,Manager,All/AxisBankLimitedManager_267.html
Axtria India Pvt. Ltd.,Analyst,All/AxtriaIndiaPvtLtdAnalyst_268.html
Axtria India Pvt. Ltd.,Analyst 2,All/AxtriaIndiaPvtLtdAnalyst2_269.html
Axxela Research & Analytics Private Limited,Trainee Analyst,All/AxxelaResearchAnalyticsPrivateLimitedTraineeAnalyst_270.html
Bain & Company,Associate Consultant- India Consulting,All/BainCompanyAssociateConsultantIndiaConsulting_271.html
Bajaj Auto Ltd,GTE,All/BajajAutoLtdGTE_272.html
Bajaj Auto Ltd,PGTE,All/BajajAutoLtdPGTE_273.html
Bandhan Bank Limited,Management Trainee -Data Science & Analytics,All/BandhanBankLimitedManagementTraineeDataScienceAnalytics_274.html
Barclays,Associate Data Scientist,All/BarclaysAssociateDataScientist_275.html
Barclays,Decision Analyst,All/BarclaysDecisionAnalyst_276.html
Barclays,Electronic Trading Graduate Analyst,All/BarclaysElectronicTradingGraduateAnalyst_277.html
Barclays,Graduate Analyst - Model Development,All/BarclaysGraduateAnalystModelDevelopment_278.html
Barclays,Graduate Analyst - Model Monitoring,All/BarclaysGraduateAnalystModelMonitoring_279.html
Barclays,Graduate Business Analyst,All/BarclaysGraduateBusinessAnalyst_280.html
Barco Electronics Pvt Ltd,Software Developer Engineer,All/BarcoElectronicsPvtLtdSoftwareDeveloperEngineer_281.html
Baxter Innovations and Business Solutions Pvt. Ltd.,Subsidiary of Baxter International Inc.,All/BaxterInnovationsandBusinessSolutionsPvtLtdSubsidiaryofBaxte_282.html
Baxter Innovations and Business Solutions Pvt. Ltd.,Subsidiary of Baxter International Inc.,All/BaxterInnovationsandBusinessSolutionsPvtLtdSubsidiaryofBaxte_283.html
Baxter Innovations and Business Solutions Pvt. Ltd.,Subsidiary of Baxter International Inc.,All/BaxterInnovationsandBusinessSolutionsPvtLtdSubsidiaryofBaxte_284.html
BeeHyv Software Solutions,Developer Trainee,All/BeeHyvSoftwareSolutionsDeveloperTrainee_285.html
BENNETT UNIVERSITY,Assistant Professor,All/BENNETTUNIVERSITYAssistantProfessor_286.html
Bidgely Technologies Pvt Ltd,Data Scientist,All/BidgelyTechnologiesPvtLtdDataScientist_287.html
Bidgely Technologies Pvt Ltd,Software Engineer,All/BidgelyTechnologiesPvtLtdSoftwareEngineer_288.html
Big Basket,Software Engineer,All/BigBasketSoftwareEngineer_289.html
BioUrja India Infra Pvt Ltd,Power Analyst,All/BioUrjaIndiaInfraPvtLtdPowerAnalyst_290.html
Birla Fertility and IVF,Management Trainee,All/BirlaFertilityandIVFManagementTrainee_291.html
Biz2credit Info Services Pvt. Ltd,Associate Software Engineer,All/Biz2creditInfoServicesPvtLtdAssociateSoftwareEngineer_292.html
BLEND360,Business Analyst_Masters,All/BLEND360BusinessAnalyst_Masters_293.html
BLEND360,Business Intelligence,All/BLEND360BusinessIntelligence_294.html
BLEND360,Data Engineer,All/BLEND360DataEngineer_295.html
BLEND360,Data Engineer_Masters,All/BLEND360DataEngineer_Masters_296.html
BLEND360,Data Scientist,All/BLEND360DataScientist_297.html
BLEND360,Data Scientist_Masters,All/BLEND360DataScientist_Masters_298.html
Blocktickets Pvt Ltd,Project Manager,All/BlockticketsPvtLtdProjectManager_299.html
Bluekaktus.com,Associate Software Engineer,All/BluekaktuscomAssociateSoftwareEngineer_300.html
BlueStone,Software Engineer,All/BlueStoneSoftwareEngineer_301.html
BNG Advanced Mobile Solutions Pvt Ltd,Software Engineer- Trainee,All/BNGAdvancedMobileSolutionsPvtLtdSoftwareEngineerTrainee_302.html
Bombay Shaving Company,Management Trainee,All/BombayShavingCompanyManagementTrainee_303.html
Bosch Global Software Technologies Pvt Ltd,Associate Software Engineer / Engineer,All/BoschGlobalSoftwareTechnologiesPvtLtdAssociateSoftwareEngine_304.html
Boston Consulting Group,Associate,All/BostonConsultingGroupAssociate_305.html
Boston Consulting Group,Associate - Design,All/BostonConsultingGroupAssociateDesign_306.html
Brigosha Technologies Pvt Ltd,Junior Research Engineer,All/BrigoshaTechnologiesPvtLtdJuniorResearchEngineer_307.html
Broadway Technology,Associate Software Engineer,All/BroadwayTechnologyAssociateSoftwareEngineer_308.html
Caterpillar,Associate Engineer,All/CaterpillarAssociateEngineer_309.html
Caterpillar,Associate Engineer - Electrification Products - Design Engineer,All/CaterpillarAssociateEngineerElectrificationProductsDesignEng_310.html
Caterpillar,Associate Engineer - MAS,All/CaterpillarAssociateEngineerMAS_311.html
Caterpillar,Associate Engineer – Battery Chemistry & Modeling - Electrification,All/CaterpillarAssociateEngineerBatteryChemistryModelingElectrif_312.html
Caterpillar,Associate Engineer – Fuel Cell Controls Development – Electrification,All/CaterpillarAssociateEngineerFuelCellControlsDevelopmentElect_313.html
Caterpillar,Associate Engineer – Microgrid Power Management - Electrification,All/CaterpillarAssociateEngineerMicrogridPowerManagementElectrif_314.html
Caterpillar,Associate Engineer – Simulation & Controls - Electrification,All/CaterpillarAssociateEngineerSimulationControlsElectrificatio_315.html
Caterpillar,Senior Associate Engineer – Electrical Engineer - Electrification,All/CaterpillarSeniorAssociateEngineerElectricalEngineerElectrif_316.html
Caterpillar,Senior Associate Engineer – Mechanical Engineer - Electrification,All/CaterpillarSeniorAssociateEngineerMechanicalEngineerElectrif_317.html
Caterpillar,Senior Associate Engineer,All/CaterpillarSeniorAssociateEngineer_318.html
CENTRE FOR DEVELOPMENT OF TELEMATICS,RESEARCH ENGINEER,All/CENTREFORDEVELOPMENTOFTELEMATICSRESEARCHENGINEER_319.html
Chakr Innovation Pvt Ltd,Battery Development Assistant Manager,All/ChakrInnovationPvtLtdBatteryDevelopmentAssistantManager_320.html
Chakr Innovation Pvt Ltd,PowerTrain Assistant Manager,All/ChakrInnovationPvtLtdPowerTrainAssistantManager_321.html
Chqbook,Software Development Engineer-1,All/ChqbookSoftwareDevelopmentEngineer1_322.html
CNH Industrial,PGET,All/CNHIndustrialPGET_323.html
CNH Industrial,PGET,All/CNHIndustrialPGET_324.html
CNH Industrial,PGET,All/CNHIndustrialPGET_325.html
Cobblestone Energy,"JUNIOR ANALYST - Dubai, UAE",All/CobblestoneEnergyJUNIORANALYSTDubaiUAE_326.html
Cobblestone Energy,"JUNIOR DATA SCIENTIST - Dubai, UAE",All/CobblestoneEnergyJUNIORDATASCIENTISTDubaiUAE_327.html
Cobblestone Energy,"JUNIOR TRADER - Dubai, UAE",All/CobblestoneEnergyJUNIORTRADERDubaiUAE_328.html
Cohesity,Member of Technical Staff,All/CohesityMemberofTechnicalStaff_329.html
Cohesity,Member of Technical Staff,All/CohesityMemberofTechnicalStaff_330.html
ColorTokens Inc,Product Engineer- Member of Technical Staff,All/ColorTokensIncProductEngineerMemberofTechnicalStaff_331.html
Container Corporation of India Ltd.,Internship Trainee,All/ContainerCorporationofIndiaLtdInternshipTrainee_332.html
Container Corporation of India Ltd.,Internship Trainee,All/ContainerCorporationofIndiaLtdInternshipTrainee_333.html
Converj Global Private Limited,Software Engineer,All/ConverjGlobalPrivateLimitedSoftwareEngineer_334.html
"Council on Energy, Environment and Water",Research Analyst - Energy Access,All/CouncilonEnergyEnvironmentandWaterResearchAnalystEnergyAcces_335.html
"Council on Energy, Environment and Water",Research Analyst - Low Carbon Pathways,All/CouncilonEnergyEnvironmentandWaterResearchAnalystLowCarbonPa_336.html
"Council on Energy, Environment and Water",Research Analyst - Power Sector,All/CouncilonEnergyEnvironmentandWaterResearchAnalystPowerSector_337.html
"Council on Energy, Environment and Water",Research Analyst - Sustainable food systems,All/CouncilonEnergyEnvironmentandWaterResearchAnalystSustainable_338.html
Credgenics,Associate Software Engineer,All/CredgenicsAssociateSoftwareEngineer_339.html
Cron AI,Software Developer,All/CronAISoftwareDeveloper_340.html
Da Vinci Derivatives B.V.,Graduate Developer,All/DaVinciDerivativesBVGraduateDeveloper_341.html
Da Vinci Derivatives B.V.,Graduate Quant Researcher,All/DaVinciDerivativesBVGraduateQuantResearcher_342.html
Da Vinci Derivatives B.V.,Graduate Trader,All/DaVinciDerivativesBVGraduateTrader_343.html
DaMensch Apparel Pvt ltd,Business Analyst,All/DaMenschApparelPvtltdBusinessAnalyst_344.html
DaMensch Apparel Pvt ltd,Product Manager,All/DaMenschApparelPvtltdProductManager_345.html
Dataeaze,Data Scientist / Machine Learning Engineer,All/DataeazeDataScientistMachineLearningEngineer_346.html
DealShare,Software Development Engineer,All/DealShareSoftwareDevelopmentEngineer_347.html
Deloitte Touche Tohmatsu India LLP,Analyst- GBS,All/DeloitteToucheTohmatsuIndiaLLPAnalystGBS_348.html
Deloitte Touche Tohmatsu India LLP,Analyst- PUR,All/DeloitteToucheTohmatsuIndiaLLPAnalystPUR_349.html
Deloitte USI,Analyst,All/DeloitteUSIAnalyst_350.html
Deutsche India Pvt Limited,Graduate Analyst,All/DeutscheIndiaPvtLimitedGraduateAnalyst_351.html
DevRev Cloud India Pvt Ltd,Software Developer - University Hire,All/DevRevCloudIndiaPvtLtdSoftwareDeveloperUniversityHire_352.html
Dinesh Mills Ltd.,Product Executive,All/DineshMillsLtdProductExecutive_353.html
DMI Finance,AM - Analytics,All/DMIFinanceAMAnalytics_354.html
DMI Finance,Data Scientist,All/DMIFinanceDataScientist_355.html
Dr. Reddy's Laboratories,Technical YLP,All/DrReddysLaboratoriesTechnicalYLP_356.html
Edfora infotech pvt ltd,Software Engineer,All/EdforainfotechpvtltdSoftwareEngineer_357.html
Edge Focus Partners,Quantitative Developer,All/EdgeFocusPartnersQuantitativeDeveloper_358.html
Edge Focus Partners,Software Developer,All/EdgeFocusPartnersSoftwareDeveloper_359.html
Elevation Capital,Investment Associate,All/ElevationCapitalInvestmentAssociate_360.html
EnKash,AML/Python Engineer,All/EnKashAMLPythonEngineer_361.html
EnKash,Product management,All/EnKashProductmanagement_362.html
EnKash,Quality Assessment,All/EnKashQualityAssessment_363.html
EnKash,Software Engineer,All/EnKashSoftwareEngineer_364.html
EnKash,Software Engineer,All/EnKashSoftwareEngineer_365.html
Enphase Solar Energy,Cloud Software Engineer,All/EnphaseSolarEnergyCloudSoftwareEngineer_366.html
Enphase Solar Energy,Cyber Security Engineer,All/EnphaseSolarEnergyCyberSecurityEngineer_367.html
Enphase Solar Energy,Data Science Engineer,All/EnphaseSolarEnergyDataScienceEngineer_368.html
Enphase Solar Energy,Embedded_CTO,All/EnphaseSolarEnergyEmbedded_CTO_369.html
Enphase Solar Energy,Engineer - Hardware,All/EnphaseSolarEnergyEngineerHardware_370.html
Enphase Solar Energy,Engineer – Embedded Software,All/EnphaseSolarEnergyEngineerEmbeddedSoftware_371.html
Enphase Solar Energy,Engineer – Embedded SW_MBU,All/EnphaseSolarEnergyEngineerEmbeddedSW_MBU_372.html
Enphase Solar Energy,Engineer – Hardware,All/EnphaseSolarEnergyEngineerHardware_373.html
Enphase Solar Energy,Engineer – IT Security,All/EnphaseSolarEnergyEngineerITSecurity_374.html
Enphase Solar Energy,Engineer – Mobile Apps,All/EnphaseSolarEnergyEngineerMobileApps_375.html
Enphase Solar Energy,Engineer – Systems DVT,All/EnphaseSolarEnergyEngineerSystemsDVT_376.html
Enphase Solar Energy,Engineer – Systems DVT,All/EnphaseSolarEnergyEngineerSystemsDVT_377.html
Enphase Solar Energy,Failure Analysis Engineer,All/EnphaseSolarEnergyFailureAnalysisEngineer_378.html
Enphase Solar Energy,Firmware Developer,All/EnphaseSolarEnergyFirmwareDeveloper_379.html
Enphase Solar Energy,Python Automation Engineers,All/EnphaseSolarEnergyPythonAutomationEngineers_380.html
Enphase Solar Energy,SW TSE - Cloud,All/EnphaseSolarEnergySWTSECloud_381.html
Enphase Solar Energy,SW TSE - Cloud,All/EnphaseSolarEnergySWTSECloud_382.html
Enphase Solar Energy,SW TSE - Cloud,All/EnphaseSolarEnergySWTSECloud_383.html
Enphase Solar Energy,System Integration Engineer,All/EnphaseSolarEnergySystemIntegrationEngineer_384.html
Enphase Solar Energy,System Integration Test,All/EnphaseSolarEnergySystemIntegrationTest_385.html
Enphase Solar Energy,UX Designer,All/EnphaseSolarEnergyUXDesigner_386.html
"Errund, Inc.",Full Stack Laravel Developer,All/ErrundIncFullStackLaravelDeveloper_387.html
Espressif Systems,Digital IC Verification Engineer,All/EspressifSystemsDigitalICVerificationEngineer_388.html
Espressif Systems,Digital IP Design Engineer,All/EspressifSystemsDigitalIPDesignEngineer_389.html
Espressif Systems,Digital IP Design Verification Engineer,All/EspressifSystemsDigitalIPDesignVerificationEngineer_390.html
Espressif Systems,SoC Integration Design Engineer,All/EspressifSystemsSoCIntegrationDesignEngineer_391.html
Essex Lake Group,Solution Intelligence Analyst I,All/EssexLakeGroupSolutionIntelligenceAnalystI_392.html
Euler Motors,Embedded Engineer,All/EulerMotorsEmbeddedEngineer_393.html
Euler Motors,Mechanical Engineer,All/EulerMotorsMechanicalEngineer_394.html
Euler Motors,Member of Technical Staff - I,All/EulerMotorsMemberofTechnicalStaffI_395.html
Evertz India Pvt Ltd,As per student skills their designation will be alotted,All/EvertzIndiaPvtLtdAsperstudentskillstheirdesignationwillbealo_396.html
EXL Analytics,Consultant,All/EXLAnalyticsConsultant_397.html
EXL Analytics,Senior Business Analyst,All/EXLAnalyticsSeniorBusinessAnalyst_398.html
Fast Retailing,Backend Engineer / Digital Business Reform Department,All/FastRetailingBackendEngineerDigitalBusinessReformDepartment_399.html
Fast Retailing,Data Engineer / Digital Business Reform Department,All/FastRetailingDataEngineerDigitalBusinessReformDepartment_400.html
Fast Retailing,Data Scientist / Digital Business Reform Department,All/FastRetailingDataScientistDigitalBusinessReformDepartment_401.html
Fast Retailing,Front-end Engineer / Digital Business Reform Department,All/FastRetailingFrontendEngineerDigitalBusinessReformDepartment_402.html
Fast Retailing,Mobile Application Engineer / Digital Business Reform Department,All/FastRetailingMobileApplicationEngineerDigitalBusinessReformD_403.html
Fast Retailing,QA Engineer/ Digital Business Reform Department,All/FastRetailingQAEngineerDigitalBusinessReformDepartment_404.html
Fast Retailing,Software Developer / Digital Business Reform Department,All/FastRetailingSoftwareDeveloperDigitalBusinessReformDepartmen_405.html
Faze Three Limited,Business Excellence,All/FazeThreeLimitedBusinessExcellence_406.html
FinMechanics India Pvt Ltd,Associate Consultant,All/FinMechanicsIndiaPvtLtdAssociateConsultant_407.html
Flipkart Internet Pvt Ltd,Associate Product Manager 1,All/FlipkartInternetPvtLtdAssociateProductManager1_408.html
Flipkart Internet Pvt Ltd,Software Development Engineer 1,All/FlipkartInternetPvtLtdSoftwareDevelopmentEngineer1_409.html
FourthFrontier,Software Engineer,All/FourthFrontierSoftwareEngineer_410.html
FourthFrontier,Software Engineer,All/FourthFrontierSoftwareEngineer_411.html
FourthFrontier,Software Engineer,All/FourthFrontierSoftwareEngineer_412.html
FourthFrontier,Software Engineer,All/FourthFrontierSoftwareEngineer_413.html
FourthFrontier,Software Engineer,All/FourthFrontierSoftwareEngineer_414.html
FourthFrontier,Software Engineer,All/FourthFrontierSoftwareEngineer_415.html
FourthFrontier,Title : Software Engineer Role : Firmware Developer,All/FourthFrontierTitleSoftwareEngineerRoleFirmwareDeveloper_416.html
Frittsolar,Project Engineer,All/FrittsolarProjectEngineer_417.html
Fujitsu R&D India,Applied Researcher,All/FujitsuRDIndiaAppliedResearcher_418.html
Fujitsu R&D India,Researcher AI LAB,All/FujitsuRDIndiaResearcherAILAB_419.html
Fujitsu R&D India,Researcher AI LAB ?Pre-doctorial Program: 2 years employment?,All/FujitsuRDIndiaResearcherAILABPredoctorialProgram2yearsemploy_420.html
Fujitsu R&D India,Researcher Quantum Laboratory,All/FujitsuRDIndiaResearcherQuantumLaboratory_421.html
Fujitsu R&D India,Software Developer Fujitsu R&D,All/FujitsuRDIndiaSoftwareDeveloperFujitsuRD_422.html
Fulfillment IQ,Business Consultant,All/FulfillmentIQBusinessConsultant_423.html
Fulfillment IQ,Software Developer -India,All/FulfillmentIQSoftwareDeveloperIndia_424.html
Fulfillment IQ,Software Developer- Canada,All/FulfillmentIQSoftwareDeveloperCanada_425.html
General Electric Bangalore,Edison Engineering Development Program,All/GeneralElectricBangaloreEdisonEngineeringDevelopmentProgram_426.html
GLEAN SEARCH TECHNOLOGIES INDIA PRIVATE LIMITED,Software Engineer,All/GLEANSEARCHTECHNOLOGIESINDIAPRIVATELIMITEDSoftwareEngineer_427.html
GLEAN SEARCH TECHNOLOGIES INDIA PRIVATE LIMITED,Software Engineer,All/GLEANSEARCHTECHNOLOGIESINDIAPRIVATELIMITEDSoftwareEngineer_428.html
Godrej Capital,Assistant Manager - Analytics,All/GodrejCapitalAssistantManagerAnalytics_429.html
Google,Software Engineer,All/GoogleSoftwareEngineer_430.html
Graviton Research Capital LLP,Quantitative Researcher,All/GravitonResearchCapitalLLPQuantitativeResearcher_431.html
Graviton Research Capital LLP,Software Engineer,All/GravitonResearchCapitalLLPSoftwareEngineer_432.html
GroMo,Vitrak Technologies Pvt Ltd,All/GroMoVitrakTechnologiesPvtLtd_433.html
"Groww, India",Associate Product Manager,All/GrowwIndiaAssociateProductManager_434.html
"Groww, India",Business Associate,All/GrowwIndiaBusinessAssociate_435.html
GulfTalent,Business Analyst,All/GulfTalentBusinessAnalyst_436.html
HCL Technologies,Technical Lead - CISCO,All/HCLTechnologiesTechnicalLeadCISCO_437.html
HCL Technologies,Technical Lead - Enterprise Cloud Central Support,All/HCLTechnologiesTechnicalLeadEnterpriseCloudCentralSupport_438.html
HCL Technologies,Technical Lead - ERS Research,All/HCLTechnologiesTechnicalLeadERSResearch_439.html
HCL Technologies,Technical Lead - Fintech-Softwarisation,All/HCLTechnologiesTechnicalLeadFintechSoftwarisation_440.html
HCL Technologies,"Technical Lead - Mechanical, NPD, Nanoscience",All/HCLTechnologiesTechnicalLeadMechanicalNPDNanoscience_441.html
HCL Technologies,Technical Lead - Medical Softwarization,All/HCLTechnologiesTechnicalLeadMedicalSoftwarization_442.html
HCL Technologies,Technical Lead - Product Design Research / Human Factors,All/HCLTechnologiesTechnicalLeadProductDesignResearchHumanFactor_443.html
HCL Technologies,Technical Lead - Reliability,All/HCLTechnologiesTechnicalLeadReliability_444.html
HCL Technologies,Technical Lead - Software Telecom Domain,All/HCLTechnologiesTechnicalLeadSoftwareTelecomDomain_445.html
HCL Technologies,Technical Lead - Softwarisation,All/HCLTechnologiesTechnicalLeadSoftwarisation_446.html
HCL Technologies,Technical Lead - Telecom,All/HCLTechnologiesTechnicalLeadTelecom_447.html
HCL Technologies,Technical Lead - TNFW,All/HCLTechnologiesTechnicalLeadTNFW_448.html
HCL Technologies,Technical Lead - UI/UX,All/HCLTechnologiesTechnicalLeadUIUX_449.html
HCL Technologies,Technical Lead - User Experience Next Gen,All/HCLTechnologiesTechnicalLeadUserExperienceNextGen_450.html
HCL Technologies,Technical Lead - VLSI,All/HCLTechnologiesTechnicalLeadVLSI_451.html
Hello Verify Pvt. Ltd.,Software Developer,All/HelloVerifyPvtLtdSoftwareDeveloper_452.html
Hero MotoCorp,Mechanical-PGET,All/HeroMotoCorpMechanicalPGET_453.html
Hero MotoCorp,PGET- Industrial Designer,All/HeroMotoCorpPGETIndustrialDesigner_454.html
Himachal Futuristic Communication Limited,Post Graduate Engineer Trainee,All/HimachalFuturisticCommunicationLimitedPostGraduateEngineerTr_455.html
Honda R&D,1,All/HondaRD1_456.html
Honda R&D,2,All/HondaRD2_457.html
Honda R&D,3,All/HondaRD3_458.html
Honda R&D,4,All/HondaRD4_459.html
Honda R&D,5,All/HondaRD5_460.html
HONO - Sequel One Solutions Pvt. Ltd.,Associate Software Developer,All/HONOSequelOneSolutionsPvtLtdAssociateSoftwareDeveloper_461.html
Housing.com,Associate Product Manager,All/HousingcomAssociateProductManager_462.html
Housing.com,Associate- Growth,All/HousingcomAssociateGrowth_463.html
HPCL Mittal Energy Limited,Assistant Manager,All/HPCLMittalEnergyLimitedAssistantManager_464.html
HPCL Mittal Energy Limited,Graduate Engineer Trainee,All/HPCLMittalEnergyLimitedGraduateEngineerTrainee_465.html
HSBC,India,All/HSBCIndia_466.html
HSBC,India,All/HSBCIndia_467.html
HSBC,India,All/HSBCIndia_468.html
HSBC,India,All/HSBCIndia_469.html
HSBC,India,All/HSBCIndia_470.html
HSBC,India,All/HSBCIndia_471.html
https://stldigital.tech/about-us/,GET / PGET,All/httpsstldigitaltechaboutusGETPGET_472.html
https://urban.health/,Assistant Product Manager,All/httpsurbanhealthAssistantProductManager_473.html
https://urban.health/,Software Engineer,All/httpsurbanhealthSoftwareEngineer_474.html
https://www.cogoport.com,Product Analyst,All/httpswwwcogoportcomProductAnalyst_475.html
https://www.cogoport.com,SDE- 1,All/httpswwwcogoportcomSDE1_476.html
https://www.cogoport.com,SDE- 2,All/httpswwwcogoportcomSDE2_477.html
https://www.ge.com/digital/,Software Engineering Specialist - Power Systems,All/httpswwwgecomdigitalSoftwareEngineeringSpecialistPowerSystem_478.html
ICF Consulting India Pvt Ltd,Energy Analyst,All/ICFConsultingIndiaPvtLtdEnergyAnalyst_479.html
ICF Consulting India Pvt Ltd,Energy Market Researcher,All/ICFConsultingIndiaPvtLtdEnergyMarketResearcher_480.html
ICICI Lombard GIC Ltd,Cloud Developer,All/ICICILombardGICLtdCloudDeveloper_481.html
IDrive software India Pvt Ltd,Trainee Programmer Analyst,All/IDrivesoftwareIndiaPvtLtdTraineeProgrammerAnalyst_482.html
IHX Private Limited,Associate Data Scientist,All/IHXPrivateLimitedAssociateDataScientist_483.html
Indian Political Action Committee,I-PAC,All/IndianPoliticalActionCommitteeIPAC_484.html
Indian Political Action Committee,I-PAC,All/IndianPoliticalActionCommitteeIPAC_485.html
Indian Political Action Committee,I-PAC,All/IndianPoliticalActionCommitteeIPAC_486.html
Indian Political Action Committee,I-PAC,All/IndianPoliticalActionCommitteeIPAC_487.html
Indian Political Action Committee,I-PAC,All/IndianPoliticalActionCommitteeIPAC_488.html
INDOKEM LIMITED,Management Trainee,All/INDOKEMLIMITEDManagementTrainee_489.html
Indus Insights And Analytical Services Pvt. Ltd.,Associate,All/IndusInsightsAndAnalyticalServicesPvtLtdAssociate_490.html
Indus Insights And Analytical Services Pvt. Ltd.,Senior Associate,All/IndusInsightsAndAnalyticalServicesPvtLtdSeniorAssociate_491.html
Infineon Technologies,Analog Mixed Signal Design Engineer,All/InfineonTechnologiesAnalogMixedSignalDesignEngineer_492.html
Infineon Technologies,Digital Verification Engineer,All/InfineonTechnologiesDigitalVerificationEngineer_493.html
Infineon Technologies,Product Engineer,All/InfineonTechnologiesProductEngineer_494.html
Infoedge India Limited,Data Scientist,All/InfoedgeIndiaLimitedDataScientist_495.html
Infosys Ltd.,Lead - Experience Design,All/InfosysLtdLeadExperienceDesign_496.html
Inito,JRS Biotechnology,All/InitoJRSBiotechnology_497.html
Inito,Software Developer,All/InitoSoftwareDeveloper_498.html
INTEL,Hardware Engineer,All/INTELHardwareEngineer_499.html
INTEL,Software Engineer,All/INTELSoftwareEngineer_500.html
Intueri Consulting LLP,"Associate Consultant, Consultant",All/IntueriConsultingLLPAssociateConsultantConsultant_501.html
IQVIA,Analyst,All/IQVIAAnalyst_502.html
IQVIA,Associate,All/IQVIAAssociate_503.html
Isgec Heavy Engineering Ltd Yamunanagar,Senior Engineer,All/IsgecHeavyEngineeringLtdYamunanagarSeniorEngineer_504.html
J&F Projects India Pvt Ltd,Research Engineer,All/JFProjectsIndiaPvtLtdResearchEngineer_505.html
Jaguar Land Rover India Limited,EV Powertrain Hardware Graduate Engineer Trainee,All/JaguarLandRoverIndiaLimitedEVPowertrainHardwareGraduateEngin_506.html
Jaguar Land Rover India Limited,EV Powertrain Software Graduate Engineer Trainee,All/JaguarLandRoverIndiaLimitedEVPowertrainSoftwareGraduateEngin_507.html
Jaguar Land Rover India Limited,Graduate Mechatronics Engineer Trainee,All/JaguarLandRoverIndiaLimitedGraduateMechatronicsEngineerTrain_508.html
Jaguar Land Rover India Limited,Graduate Software Engineer Trainee,All/JaguarLandRoverIndiaLimitedGraduateSoftwareEngineerTrainee_509.html
Jaipur Rugs,Management Trainee,All/JaipurRugsManagementTrainee_510.html
Javis,Data Engineer I,All/JavisDataEngineerI_511.html
Javis,Machine Learning Engineer I,All/JavisMachineLearningEngineerI_512.html
Javis,Software Development Engineer I,All/JavisSoftwareDevelopmentEngineerI_513.html
Javis,Software Development Engineer I,All/JavisSoftwareDevelopmentEngineerI_514.html
Jaypee University of Information Technology Waknaghat Solan India,Assistant Professor,All/JaypeeUniversityofInformationTechnologyWaknaghatSolanIndiaAs_515.html
Jindal steel and power limited,Graduate Engineer Trainee,All/JindalsteelandpowerlimitedGraduateEngineerTrainee_516.html
Jio Platforms Limited,Manager,All/JioPlatformsLimitedManager_517.html
Jio Platforms Limited,Manager,All/JioPlatformsLimitedManager_518.html
Jio Platforms Limited,Software Development Engineer TS1,All/JioPlatformsLimitedSoftwareDevelopmentEngineerTS1_519.html
Jio Platforms Limited,Software Development Engineer TS2,All/JioPlatformsLimitedSoftwareDevelopmentEngineerTS2_520.html
Jio Platforms Limited,UI/UX Designer,All/JioPlatformsLimitedUIUXDesigner_521.html
JP Morgan & Chase,Chase Digital Development Programme - Full Time Analyst 2023,All/JPMorganChaseChaseDigitalDevelopmentProgrammeFullTimeAnalyst_522.html
JP Morgan & Chase,Full Time Analyst - Quantitative Research,All/JPMorganChaseFullTimeAnalystQuantitativeResearch_523.html
Junglee Games,Business Analyst,All/JungleeGamesBusinessAnalyst_524.html
Justdial Ltd,Graduate Engineering Trainee,All/JustdialLtdGraduateEngineeringTrainee_525.html
Justdial Ltd,Software Engineer,All/JustdialLtdSoftwareEngineer_526.html
KIIT Deemed to be University,Assistant Professor,All/KIITDeemedtobeUniversityAssistantProfessor_527.html
Kokotree Technologies Pvt Ltd,Research Scientist AI,All/KokotreeTechnologiesPvtLtdResearchScientistAI_528.html
KPMG,Analyst,All/KPMGAnalyst_529.html
KPMG,Associate Consultant,All/KPMGAssociateConsultant_530.html
Larsen & Toubro Limited,Management Trainee,All/LarsenToubroLimitedManagementTrainee_531.html
Larsen & Toubro Limited,Post Graduate Engineer Trainee,All/LarsenToubroLimitedPostGraduateEngineerTrainee_532.html
"Leapfrog Semiconductor, Inc.",5G Communication Systems Engineer,All/LeapfrogSemiconductorInc5GCommunicationSystemsEngineer_533.html
"Leapfrog Semiconductor, Inc.",ASIC Engineer,All/LeapfrogSemiconductorIncASICEngineer_534.html
"Leapfrog Semiconductor, Inc.",Embedded/Firmware Development,All/LeapfrogSemiconductorIncEmbeddedFirmwareDevelopment_535.html
LetsTransport,SDE1,All/LetsTransportSDE1_536.html
Linecraft.ai,Industrial Operations Engineer,All/LinecraftaiIndustrialOperationsEngineer_537.html
Lion Fabrics Private Limited,Product Development Associate,All/LionFabricsPrivateLimitedProductDevelopmentAssociate_538.html
Lion Fabrics Private Limited,Sales & Marketing Executive,All/LionFabricsPrivateLimitedSalesMarketingExecutive_539.html
Lohum Cleantech Pvt. Ltd.,Graduate Trainee,All/LohumCleantechPvtLtdGraduateTrainee_540.html
Lumenci,Associate Consultant,All/LumenciAssociateConsultant_541.html
Lumenci,Associate Consultant,All/LumenciAssociateConsultant_542.html
MAGICBRICKS,Software Engineer,All/MAGICBRICKSSoftwareEngineer_543.html
MAQ Software,Software Engineer 1,All/MAQSoftwareSoftwareEngineer1_544.html
Maruti Suzuki,Assistant Manager,All/MarutiSuzukiAssistantManager_545.html
Maruti Suzuki,Graduate Engineer Trainee,All/MarutiSuzukiGraduateEngineerTrainee_546.html
MARUTI SUZUKI INDIA LTD.,Post Graduate Engineer Trainee,All/MARUTISUZUKIINDIALTDPostGraduateEngineerTrainee_547.html
Mastercard India Services Private Limited,Associate Consultant,All/MastercardIndiaServicesPrivateLimitedAssociateConsultant_548.html
MathWorks India Pvt. Ltd.,Associate Engineer,All/MathWorksIndiaPvtLtdAssociateEngineer_549.html
MathWorks India Pvt. Ltd.,Engineer,All/MathWorksIndiaPvtLtdEngineer_550.html
MaxLinear Technologies,Senior Analog Design Engineer,All/MaxLinearTechnologiesSeniorAnalogDesignEngineer_551.html
MaxLinear Technologies,Senior Communication Systems Engineer,All/MaxLinearTechnologiesSeniorCommunicationSystemsEngineer_552.html
MaxLinear Technologies,Senior Digital IC Design Engineer or Senior. Physical Design/DFT Engineer,All/MaxLinearTechnologiesSeniorDigitalICDesignEngineerorSeniorPh_553.html
MaxLinear Technologies,Senior RF/MS IC Design Engineer,All/MaxLinearTechnologiesSeniorRFMSICDesignEngineer_554.html
MaxLinear Technologies,Senior Signal Integrity Engineer,All/MaxLinearTechnologiesSeniorSignalIntegrityEngineer_555.html
MaxLinear Technologies,Senior Software Engineer,All/MaxLinearTechnologiesSeniorSoftwareEngineer_556.html
McKinsey & Company,Business Analyst,All/McKinseyCompanyBusinessAnalyst_557.html
McKinsey & Company,Business Analyst - McKinsey Digital,All/McKinseyCompanyBusinessAnalystMcKinseyDigital_558.html
McKinsey & Company,Data Scientist,All/McKinseyCompanyDataScientist_559.html
MediaTek Bangalore Pvt Ltb,Senior Analog Design Engineer,All/MediaTekBangalorePvtLtbSeniorAnalogDesignEngineer_560.html
MediaTek Bangalore Pvt Ltb,Staff Analog Design Engineer,All/MediaTekBangalorePvtLtbStaffAnalogDesignEngineer_561.html
Merapashu360.com,Software Development Engineer,All/Merapashu360comSoftwareDevelopmentEngineer_562.html
Mercedes-Benz R & D,Post graduate Engineer Trainee - CSE,All/MercedesBenzRDPostgraduateEngineerTraineeCSE_563.html
Mercedes-Benz R & D,Post Graduate Engineer Trainee - Electrical,All/MercedesBenzRDPostGraduateEngineerTraineeElectrical_564.html
Mercedes-Benz R & D,Post Graduate Engineer Trainee - Mechanical,All/MercedesBenzRDPostGraduateEngineerTraineeMechanical_565.html
Microsoft India Pvt. Ltd.,Software Engineer,All/MicrosoftIndiaPvtLtdSoftwareEngineer_566.html
Microsoft India,Technical Program Manager,All/MicrosoftIndiaTechnicalProgramManager_567.html
MIKO,AI Backend Developer,All/MIKOAIBackendDeveloper_568.html
MIKO,Data Scientist,All/MIKODataScientist_569.html
MIKO,Jr AI Image,All/MIKOJrAIImage_570.html
MIKO,Jr AI NLP Engineer,All/MIKOJrAINLPEngineer_571.html
MIKO,Jr Android Developer,All/MIKOJrAndroidDeveloper_572.html
MIKO,Jr Electronics Hardware Engineer,All/MIKOJrElectronicsHardwareEngineer_573.html
MIKO,Jr Robotics Engineer,All/MIKOJrRoboticsEngineer_574.html
MIKO,Jr. AI Audio,All/MIKOJrAIAudio_575.html
MIKO,Jr. Embedded Firmware/Linux Engineer,All/MIKOJrEmbeddedFirmwareLinuxEngineer_576.html
MIKO,Jr. Mechanical Engineer,All/MIKOJrMechanicalEngineer_577.html
Mistral Solutions Pvt Ltd,FPGA/VLSI Engineer,All/MistralSolutionsPvtLtdFPGAVLSIEngineer_578.html
Mistral Solutions Pvt Ltd,RF/Analog Engineer,All/MistralSolutionsPvtLtdRFAnalogEngineer_579.html
Mistral Solutions Pvt Ltd,Software Engineer,All/MistralSolutionsPvtLtdSoftwareEngineer_580.html
Morgan Stanley,Investment Banking 12 Month Internship,All/MorganStanleyInvestmentBanking12MonthInternship_581.html
Morgan Stanley,Sales and Trading,All/MorganStanleySalesandTrading_582.html
Morgan Stanley,Strats and Quants,All/MorganStanleyStratsandQuants_583.html
MRC Laboratory of Molecular Biology,Research Associate - Neurobiology for Engineers,All/MRCLaboratoryofMolecularBiologyResearchAssociateNeurobiology_584.html
Nation with Namo,Data Analyst,All/NationwithNamoDataAnalyst_585.html
National Health Authority,Young Engineering Professionals,All/NationalHealthAuthorityYoungEngineeringProfessionals_586.html
Navi Technologies Pvt.Ltd,Business Analyst,All/NaviTechnologiesPvtLtdBusinessAnalyst_587.html
Navi Technologies Pvt.Ltd,Credit Analyst,All/NaviTechnologiesPvtLtdCreditAnalyst_588.html
Navi Technologies Pvt.Ltd,Data Science,All/NaviTechnologiesPvtLtdDataScience_589.html
Navi Technologies Pvt.Ltd,Graduate Trainee,All/NaviTechnologiesPvtLtdGraduateTrainee_590.html
Navi Technologies Pvt.Ltd,Graduate Trainee : Product,All/NaviTechnologiesPvtLtdGraduateTraineeProduct_591.html
Navi Technologies Pvt.Ltd,Software Development Engineer 1,All/NaviTechnologiesPvtLtdSoftwareDevelopmentEngineer1_592.html
Neuron7.ai,Data Scientist,All/Neuron7aiDataScientist_593.html
Neuron7.ai,Full Stack Developer,All/Neuron7aiFullStackDeveloper_594.html
Newzera Tech Labs Pvt Ltd,Designer,All/NewzeraTechLabsPvtLtdDesigner_595.html
Newzera Tech Labs Pvt Ltd,Software Engineer,All/NewzeraTechLabsPvtLtdSoftwareEngineer_596.html
Nference Labs,Software Engineer,All/NferenceLabsSoftwareEngineer_597.html
Nineleaps Technolgy Solutions Pvt Ltd,Data Engineer,All/NineleapsTechnolgySolutionsPvtLtdDataEngineer_598.html
NK securities,Business and Operations Analyst,All/NKsecuritiesBusinessandOperationsAnalyst_599.html
NK securities,Quantitative Researcher,All/NKsecuritiesQuantitativeResearcher_600.html
NK securities,Software Developer,All/NKsecuritiesSoftwareDeveloper_601.html
NK securities,Trade Monitor,All/NKsecuritiesTradeMonitor_602.html
Nokia Solutions & Networks India Pvt. Ltd,Graduate Engineer Trainee,All/NokiaSolutionsNetworksIndiaPvtLtdGraduateEngineerTrainee_603.html
Nomura Research Institute Consulting & Solution India Pvt Ltd,Associate Consultant,All/NomuraResearchInstituteConsultingSolutionIndiaPvtLtdAssociat_604.html
Nomura Research Institute Consulting & Solution India Pvt Ltd,Associate Consultant_Data Science,All/NomuraResearchInstituteConsultingSolutionIndiaPvtLtdAssociat_605.html
NPCI,Senior Graduate Engineer Trainee,All/NPCISeniorGraduateEngineerTrainee_606.html
NVIDIA,Formal Verification Engineer,All/NVIDIAFormalVerificationEngineer_607.html
NVIDIA,System Software Engineer,All/NVIDIASystemSoftwareEngineer_608.html
Oceaneering International Services,Engineer,All/OceaneeringInternationalServicesEngineer_609.html
Onsemi,"ENGR II, DESIGN_TL_ANALOG",All/OnsemiENGRIIDESIGN_TL_ANALOG_610.html
Onsemi,"ENGR II, DIGITAL_TL",All/OnsemiENGRIIDIGITAL_TL_611.html
Onsemi,"ENGR II, DIGITAL_TL_VERIFICATION",All/OnsemiENGRIIDIGITAL_TL_VERIFICATION_612.html
Onsemi,"ENGR II, PRODUCT_TL",All/OnsemiENGRIIPRODUCT_TL_613.html
Onsemi,"ENGR II, TEST_TL",All/OnsemiENGRIITEST_TL_614.html
OpenFive,Engineer,All/OpenFiveEngineer_615.html
OPPO India R&D Center,Software Engineer Level - 3 - Developer,All/OPPOIndiaRDCenterSoftwareEngineerLevel3Developer_616.html
Optum Global Solutions,Software Development Engineer,All/OptumGlobalSolutionsSoftwareDevelopmentEngineer_617.html
Oracle,Member Technical Staff,All/OracleMemberTechnicalStaff_618.html
Ormae,Operations Research Scientist I,All/OrmaeOperationsResearchScientistI_619.html
Pashupati Polytex Pvt. Ltd.,Assistant Manager,All/PashupatiPolytexPvtLtdAssistantManager_620.html
PayU,Associate Business Analyst,All/PayUAssociateBusinessAnalyst_621.html
PayU,Associate Data Engineer,All/PayUAssociateDataEngineer_622.html
PayU,Associate Data Scientist,All/PayUAssociateDataScientist_623.html
Peepul tree,Full stack developer,All/PeepultreeFullstackdeveloper_624.html
Peepul tree,Product Development,All/PeepultreeProductDevelopment_625.html
Petronet LNG Limited,Graduate Engineer Trainee,All/PetronetLNGLimitedGraduateEngineerTrainee_626.html
Pinpoint Investment Advisory Services,India,All/PinpointInvestmentAdvisoryServicesIndia_627.html
Piramal Group,UX Designer,All/PiramalGroupUXDesigner_628.html
Piramal,Management Trainee - Business Intelligence Unit,All/PiramalManagementTraineeBusinessIntelligenceUnit_629.html
Piramal,Management Trainee - Technology,All/PiramalManagementTraineeTechnology_630.html
Praxis Global Alliance,Associate Consultant,All/PraxisGlobalAllianceAssociateConsultant_631.html
Premji Invest,Research Associate - Private Equity/ Private Markets Investments,All/PremjiInvestResearchAssociatePrivateEquityPrivateMarketsInve_632.html
Probus Smart Things Pvt. Ltd.,Firmware Developer,All/ProbusSmartThingsPvtLtdFirmwareDeveloper_633.html
Probus Smart Things Pvt. Ltd.,Product Manager,All/ProbusSmartThingsPvtLtdProductManager_634.html
Probus Smart Things Pvt. Ltd.,Software Engineer,All/ProbusSmartThingsPvtLtdSoftwareEngineer_635.html
ProtoTech Solutions,Associate Software Developer,All/ProtoTechSolutionsAssociateSoftwareDeveloper_636.html
Publicis Sapient,Associate Software Development Engineer,All/PublicisSapientAssociateSoftwareDevelopmentEngineer_637.html
Publicis Sapient,Senior Associate Data Science L1,All/PublicisSapientSeniorAssociateDataScienceL1_638.html
Putnam Associates,Associate,All/PutnamAssociatesAssociate_639.html
PwC India,Management Consultant,All/PwCIndiaManagementConsultant_640.html
PwC India,Technology Consultant,All/PwCIndiaTechnologyConsultant_641.html
Quadeye,Quantitative Strategist,All/QuadeyeQuantitativeStrategist_642.html
Quadeye,Quantitative Trader,All/QuadeyeQuantitativeTrader_643.html
Quadeye,Software Developer,All/QuadeyeSoftwareDeveloper_644.html
Quadeye,Systems Engineer,All/QuadeyeSystemsEngineer_645.html
Qualcomm,Engineer Modem Systems,All/QualcommEngineerModemSystems_646.html
Qualcomm,Engineer- AI Systems,All/QualcommEngineerAISystems_647.html
Qualcomm,Engineer- MM Systems,All/QualcommEngineerMMSystems_648.html
Qualcomm,Engineer- Modem Firmware,All/QualcommEngineerModemFirmware_649.html
Qualcomm,Engineer- RFIC,All/QualcommEngineerRFIC_650.html
Qualcomm,Hardware Engineer,All/QualcommHardwareEngineer_651.html
Qualcomm,Senior Engineer- Modem Systems,All/QualcommSeniorEngineerModemSystems_652.html
Qualcomm,Software Engineer,All/QualcommSoftwareEngineer_653.html
Quantbox Research,Core Engineering Analyst - Bangalore,All/QuantboxResearchCoreEngineeringAnalystBangalore_654.html
Quantbox Research,Quant Research & Trading Analyst,All/QuantboxResearchQuantResearchTradingAnalyst_655.html
Quantbox Research,Quant Research and Trading Analyst – Singapore,All/QuantboxResearchQuantResearchandTradingAnalystSingapore_656.html
Quasistatics Inc.,10xAR,All/QuasistaticsInc10xAR_657.html
Quasistatics Inc.,10xAR,All/QuasistaticsInc10xAR_658.html
Quasistatics Inc.,10xAR,All/QuasistaticsInc10xAR_659.html
Quasistatics Inc.,10xAR,All/QuasistaticsInc10xAR_660.html
QuEST Global Engineering Services Pvt. Ltd,Senior Engineer,All/QuESTGlobalEngineeringServicesPvtLtdSeniorEngineer_661.html
Quolum,UX Designer,All/QuolumUXDesigner_662.html
Qure.ai,AI Engineer,All/QureaiAIEngineer_663.html
Qure.ai,AI Scientist,All/QureaiAIScientist_664.html
RACEnergy,Embedded Firmware Engineer,All/RACEnergyEmbeddedFirmwareEngineer_665.html
RACL Geartech Limited,Assistant Manager - Metallurgy,All/RACLGeartechLimitedAssistantManagerMetallurgy_666.html
RACL Geartech Limited,Assistant Manager - Project,All/RACLGeartechLimitedAssistantManagerProject_667.html
Racyics GmbH,Digital Design Engineer,All/RacyicsGmbHDigitalDesignEngineer_668.html
"Rakuten Mobile, Inc.",Software Engineer,All/RakutenMobileIncSoftwareEngineer_669.html
"Rakuten Mobile, Inc.",Software Engineer,All/RakutenMobileIncSoftwareEngineer_670.html
"Rakuten Mobile, Inc.",Software Engineer,All/RakutenMobileIncSoftwareEngineer_671.html
Razorpay,Software Development Engineer,All/RazorpaySoftwareDevelopmentEngineer_672.html
Redseer Consulting,Business Analyst,All/RedseerConsultingBusinessAnalyst_673.html
Reliance Industries Limited,Graduate Engineer Trainee,All/RelianceIndustriesLimitedGraduateEngineerTrainee_674.html
Reliance Industries Limited,Team Member - Battery - M.Tech,All/RelianceIndustriesLimitedTeamMemberBatteryMTech_675.html
Reliance Industries Limited,Team Member - Battery - PhD,All/RelianceIndustriesLimitedTeamMemberBatteryPhD_676.html
Reliance Industries Limited,Team Member,All/RelianceIndustriesLimitedTeamMember_677.html
Reliance Industries Limited,Team Member,All/RelianceIndustriesLimitedTeamMember_678.html
Reliance Industries Limited,Team Member,All/RelianceIndustriesLimitedTeamMember_679.html
Reliance Industries Limited,Team Member,All/RelianceIndustriesLimitedTeamMember_680.html
Reliance Industries Limited,Team Member,All/RelianceIndustriesLimitedTeamMember_681.html
Reliance Industries Limited,Team Member,All/RelianceIndustriesLimitedTeamMember_682.html
"Riskhub India, NatWest Group",Quant- Trainee Analyst,All/RiskhubIndiaNatWestGroupQuantTraineeAnalyst_683.html
"Riskhub India, NatWest Group",Tech- Trainee Analyst,All/RiskhubIndiaNatWestGroupTechTraineeAnalyst_684.html
Rivos Inc.,"Physical Design, CPU or SOC - Full time",All/RivosIncPhysicalDesignCPUorSOCFulltime_685.html
Rivos Inc.,"Physical Design, CPU or SOC - Full time",All/RivosIncPhysicalDesignCPUorSOCFulltime_686.html
Rivos Inc.,"Physical Design, SOC or CPU - Full time",All/RivosIncPhysicalDesignSOCorCPUFulltime_687.html
Rivos Inc.,Silicon Verification - Full-time -,All/RivosIncSiliconVerificationFulltime_688.html
Rivos Inc.,Silicon Verification - Full-time,All/RivosIncSiliconVerificationFulltime_689.html
Rivos Inc.,Silicon Verification - Full-time,All/RivosIncSiliconVerificationFulltime_690.html
Rodic Consultants Private Limited,Trainee Engineer - Highways & Bridges,All/RodicConsultantsPrivateLimitedTraineeEngineerHighwaysBridges_691.html
Rodic Consultants Private Limited,Trainee Engineer- Contracts,All/RodicConsultantsPrivateLimitedTraineeEngineerContracts_692.html
Rodic Consultants Private Limited,Trainee Engineer-Railways & Metro Rail,All/RodicConsultantsPrivateLimitedTraineeEngineerRailwaysMetroRa_693.html
Saavn Media Limited,SOFTWARE ENGINEER,All/SaavnMediaLimitedSOFTWAREENGINEER_694.html
Sahajanand Medical Technologies Pvt Ltd,Process Engineer,All/SahajanandMedicalTechnologiesPvtLtdProcessEngineer_695.html
Samplytics Technologies Private Limited,INITO,All/SamplyticsTechnologiesPrivateLimitedINITO_696.html
Samplytics Technologies Private Limited,INITO,All/SamplyticsTechnologiesPrivateLimitedINITO_697.html
Samsung R&D Institute India-Bangalore,Senior Engineer/Engineer,All/SamsungRDInstituteIndiaBangaloreSeniorEngineerEngineer_698.html
Samsung R&D Institute India-Bangalore,Senior Engineer/Engineer,All/SamsungRDInstituteIndiaBangaloreSeniorEngineerEngineer_699.html
Samsung R&D Institute India-Delhi,Engineer,All/SamsungRDInstituteIndiaDelhiEngineer_700.html
"Samsung Research Institute, Noida",R&D Engineer,All/SamsungResearchInstituteNoidaRDEngineer_701.html
Samsung Semiconductor India Research,SSIR,All/SamsungSemiconductorIndiaResearchSSIR_702.html
Samsung Semiconductor India Research,SSIR,All/SamsungSemiconductorIndiaResearchSSIR_703.html
Sankhyasutra Labs Limited,HPC Application Development,All/SankhyasutraLabsLimitedHPCApplicationDevelopment_704.html
Sankhyasutra Labs Limited,Software Development Engineer - II,All/SankhyasutraLabsLimitedSoftwareDevelopmentEngineerII_705.html
Sankhyasutra Labs Limited,Software Development Engineer - II,All/SankhyasutraLabsLimitedSoftwareDevelopmentEngineerII_706.html
Schlumberger,Data Scientist,All/SchlumbergerDataScientist_707.html
Schlumberger,Software Engineer,All/SchlumbergerSoftwareEngineer_708.html
Schlumberger,Modelling and Simulation Engineer,All/SchlumbergerModellingandSimulationEngineer_709.html
Schneider Electric,Graduate Engineer Trainee,All/SchneiderElectricGraduateEngineerTrainee_710.html
Schneider Electric,Master Engineer Trainee,All/SchneiderElectricMasterEngineerTrainee_711.html
SecPod Technologies Pvt Ltd,Software Engineer,All/SecPodTechnologiesPvtLtdSoftwareEngineer_712.html
Shipsy,Software Engineering/Product,All/ShipsySoftwareEngineeringProduct_713.html
Siemens Gamesa Renewable Energy,Post Graduate Trainee Engineer,All/SiemensGamesaRenewableEnergyPostGraduateTraineeEngineer_714.html
Signalchip Innovations Pvt Ltd,Communications/Signal Processing Algorithm Engineer,All/SignalchipInnovationsPvtLtdCommunicationsSignalProcessingAlg_715.html
Signalchip Innovations Pvt Ltd,Digital/Analog Design Engineer,All/SignalchipInnovationsPvtLtdDigitalAnalogDesignEngineer_716.html
Signalchip Innovations Pvt Ltd,Embedded Hardware/Software Engineer,All/SignalchipInnovationsPvtLtdEmbeddedHardwareSoftwareEngineer_717.html
Signalchip Innovations Pvt Ltd,Mechanical Design Engineer,All/SignalchipInnovationsPvtLtdMechanicalDesignEngineer_718.html
Silicon Labs,Associate Engineer,All/SiliconLabsAssociateEngineer_719.html
Silicon Labs,Associate Engineer,All/SiliconLabsAssociateEngineer_720.html
Silicon Labs,Engineer I - IC Design,All/SiliconLabsEngineerIICDesign_721.html
Silicon Labs,Engineer I - IC Design,All/SiliconLabsEngineerIICDesign_722.html
SirionLabs Pvt Ltd,Associate Software Engineer,All/SirionLabsPvtLtdAssociateSoftwareEngineer_723.html
Skan.ai,Data Scientist,All/SkanaiDataScientist_724.html
Skan.ai,Software Engineer- JavaScript,All/SkanaiSoftwareEngineerJavaScript_725.html
Skan.ai,Software Engineer- Python,All/SkanaiSoftwareEngineerPython_726.html
Skiify Solutions Private Limited,Product Manager,All/SkiifySolutionsPrivateLimitedProductManager_727.html
slice,Business & Strategy,All/sliceBusinessStrategy_728.html
slice,Software Development Engineer - I,All/sliceSoftwareDevelopmentEngineerI_729.html
Sony Group Corporation,JAF1 : XR System Engineer,All/SonyGroupCorporationJAF1XRSystemEngineer_730.html
Sony Group Corporation,JAF10 : GPU Software Engineer for Low Level Component and Tools for PlayStation,All/SonyGroupCorporationJAF10GPUSoftwareEngineerforLowLevelCompo_731.html
Sony Group Corporation,JAF11 : Software testing engineer,All/SonyGroupCorporationJAF11Softwaretestingengineer_732.html
Sony Group Corporation,JAF12 : Image Sensor device/pixel Research&Development,All/SonyGroupCorporationJAF12ImageSensordevicepixelResearchDevel_733.html
Sony Group Corporation,JAF2 : Software and Hardware engineer for Robotics Platform,All/SonyGroupCorporationJAF2SoftwareandHardwareengineerforRoboti_734.html
Sony Group Corporation,"JAF3 : Visual Recognition Computation Systems and Architecture, Research Engineer",All/SonyGroupCorporationJAF3VisualRecognitionComputationSystemsa_735.html
Sony Group Corporation,"JAF4 : Software Engineer, Parallel Programming and Machine Learning",All/SonyGroupCorporationJAF4SoftwareEngineerParallelProgramminga_736.html
Sony Group Corporation,JAF5 : R&D Engineer of Privacy Computing Technology,All/SonyGroupCorporationJAF5RDEngineerofPrivacyComputingTechnolo_737.html
Sony Group Corporation,"JAF6 : Deep Learning, Researcher/Research Engineer/Software Engineer",All/SonyGroupCorporationJAF6DeepLearningResearcherResearchEngine_738.html
Sony Group Corporation,"JAF7 : Software Engineer, Embedded Linux software development",All/SonyGroupCorporationJAF7SoftwareEngineerEmbeddedLinuxsoftwar_739.html
Sony Group Corporation,"JAF8 : PlayStation Network Software Systems Engineer, Production Operations Engineer",All/SonyGroupCorporationJAF8PlayStationNetworkSoftwareSystemsEng_740.html
Sony Group Corporation,JAF9 : Platform Engineer for PlayStation Network,All/SonyGroupCorporationJAF9PlatformEngineerforPlayStationNetwor_741.html
SPECTRUM Techno Consultants Pvt Ltd,Trainee Design Engineer - Highway,All/SPECTRUMTechnoConsultantsPvtLtdTraineeDesignEngineerHighway_742.html
SPECTRUM Techno Consultants Pvt Ltd,Trainee Design Engineer - Structures,All/SPECTRUMTechnoConsultantsPvtLtdTraineeDesignEngineerStructur_743.html
Springer Nature Group,Assistant Editor,All/SpringerNatureGroupAssistantEditor_744.html
Sprinklr,Associate Product Manager,All/SprinklrAssociateProductManager_745.html
Sprinklr,Data Scientist,All/SprinklrDataScientist_746.html
Sprinklr,Platform Software Engineer,All/SprinklrPlatformSoftwareEngineer_747.html
Sprinklr,Product Analyst,All/SprinklrProductAnalyst_748.html
Sprinklr,Product Engineer,All/SprinklrProductEngineer_749.html
Squarepoint Capital,Graduate Software Developer,All/SquarepointCapitalGraduateSoftwareDeveloper_750.html
Squarepoint Capital,"Graduate Software Developer - Monteral, Paris, London",All/SquarepointCapitalGraduateSoftwareDeveloperMonteralParisLond_751.html
SRF Ltd,Design Trainee,All/SRFLtdDesignTrainee_752.html
Standard Chartered GBS,Development Engineer,All/StandardCharteredGBSDevelopmentEngineer_753.html
Steradian Semiconductors Pvt Ltd,Engineers,All/SteradianSemiconductorsPvtLtdEngineers_754.html
STMicroelectronics,Design Engineer,All/STMicroelectronicsDesignEngineer_755.html
Strategy&,Strategy& Associate,All/StrategyStrategyAssociate_756.html
Svaya Robotic,Post Graduate Engineer Trainee - Control Systems,All/SvayaRoboticPostGraduateEngineerTraineeControlSystems_757.html
Svaya Robotic,Post Graduate Engineer Trainee – Robotic Motion Planning & Control,All/SvayaRoboticPostGraduateEngineerTraineeRoboticMotionPlanning_758.html
Taiwan Semiconductor Manufacturing Company,Advanced Chip Design and DFT Flow Engineer,All/TaiwanSemiconductorManufacturingCompanyAdvancedChipDesignand_759.html
Taiwan Semiconductor Manufacturing Company,Analog/Mixed-mode Engineer,All/TaiwanSemiconductorManufacturingCompanyAnalogMixedmodeEngine_760.html
Taiwan Semiconductor Manufacturing Company,Chip Design and Advanced Design Flow Engineer,All/TaiwanSemiconductorManufacturingCompanyChipDesignandAdvanced_761.html
Taiwan Semiconductor Manufacturing Company,Chip Design Engineer,All/TaiwanSemiconductorManufacturingCompanyChipDesignEngineer_762.html
Taiwan Semiconductor Manufacturing Company,Data Engineer,All/TaiwanSemiconductorManufacturingCompanyDataEngineer_763.html
Taiwan Semiconductor Manufacturing Company,Design/Process Co-Optimization and R&D Engineer in Advanced Nodes,All/TaiwanSemiconductorManufacturingCompanyDesignProcessCoOptimi_764.html
Taiwan Semiconductor Manufacturing Company,IT Infrastructure Engineer,All/TaiwanSemiconductorManufacturingCompanyITInfrastructureEngin_765.html
Taiwan Semiconductor Manufacturing Company,Machine Learning Engineer,All/TaiwanSemiconductorManufacturingCompanyMachineLearningEngine_766.html
Taiwan Semiconductor Manufacturing Company,Machine Learning SW Engineer,All/TaiwanSemiconductorManufacturingCompanyMachineLearningSWEngi_767.html
Taiwan Semiconductor Manufacturing Company,Memory Design Engineer,All/TaiwanSemiconductorManufacturingCompanyMemoryDesignEngineer_768.html
Taiwan Semiconductor Manufacturing Company,Physical Design / APR Engineer,All/TaiwanSemiconductorManufacturingCompanyPhysicalDesignAPREngi_769.html
Taiwan Semiconductor Manufacturing Company,RC Solution Engineer,All/TaiwanSemiconductorManufacturingCompanyRCSolutionEngineer_770.html
Taiwan Semiconductor Manufacturing Company,Software Engineer,All/TaiwanSemiconductorManufacturingCompanySoftwareEngineer_771.html
Taiwan Semiconductor Manufacturing Company,Software Engineer,All/TaiwanSemiconductorManufacturingCompanySoftwareEngineer_772.html
Taiwan Semiconductor Manufacturing Company,Timing/Power/IREM/ECO Design Flow Engineer,All/TaiwanSemiconductorManufacturingCompanyTimingPowerIREMECODes_773.html
TATA 1MG,Associate Product Manager,All/TATA1MGAssociateProductManager_774.html
TATA ADVANCED SYSTEMS LIMITED,Post Graduate Engineer Trainee,All/TATAADVANCEDSYSTEMSLIMITEDPostGraduateEngineerTrainee_775.html
TATA ADVANCED SYSTEMS LIMITED,Post Graduate Engineer Trainee,All/TATAADVANCEDSYSTEMSLIMITEDPostGraduateEngineerTrainee_776.html
TATA ADVANCED SYSTEMS LIMITED,Post Graduate Engineer Trainee,All/TATAADVANCEDSYSTEMSLIMITEDPostGraduateEngineerTrainee_777.html
Tata Consultancy Services,Design Hiring,All/TataConsultancyServicesDesignHiring_778.html
Tata Consultancy Services,Systems Engineer,All/TataConsultancyServicesSystemsEngineer_779.html
Tata Consultancy Services,Systems Engineer - Design Department,All/TataConsultancyServicesSystemsEngineerDesignDepartment_780.html
Tech Mahindra,Business Analyst,All/TechMahindraBusinessAnalyst_781.html
Tekion India private limited,Associate Data Scientist,All/TekionIndiaprivatelimitedAssociateDataScientist_782.html
Tenstorrent Inc.,Engineer,All/TenstorrentIncEngineer_783.html
Texas Instruments,Analog Engineer,All/TexasInstrumentsAnalogEngineer_784.html
Texas Instruments,Analog Engineer,All/TexasInstrumentsAnalogEngineer_785.html
Texas Instruments,Digital Engineer,All/TexasInstrumentsDigitalEngineer_786.html
Texas Instruments,Digital Engineer,All/TexasInstrumentsDigitalEngineer_787.html
third ai,AI Engineer,All/thirdaiAIEngineer_788.html
Thrillophilia,SDE,All/ThrillophiliaSDE_789.html
TIKTOK SKILL GAMES PRIVATE LIMITED,WinZO,All/TIKTOKSKILLGAMESPRIVATELIMITEDWinZO_790.html
TIKTOK SKILL GAMES PRIVATE LIMITED,WinZO,All/TIKTOKSKILLGAMESPRIVATELIMITEDWinZO_791.html
TIKTOK SKILL GAMES PRIVATE LIMITED,WinZO,All/TIKTOKSKILLGAMESPRIVATELIMITEDWinZO_792.html
TimesPro,Graduate Engineer Trainee,All/TimesProGraduateEngineerTrainee_793.html
Tipping Mr Pink Pvt Ltd,Business Analyst,All/TippingMrPinkPvtLtdBusinessAnalyst_794.html
TransOrg Analytics,Analyst,All/TransOrgAnalyticsAnalyst_795.html
Trilogy Innovations,Software Development Engineer,All/TrilogyInnovationsSoftwareDevelopmentEngineer_796.html
Truminds Software Systems,Software Development Engineer,All/TrumindsSoftwareSystemsSoftwareDevelopmentEngineer_797.html
TVS Motor company limited,Design Engineer - EEE,All/TVSMotorcompanylimitedDesignEngineerEEE_798.html
TVS Motor company limited,Design Engineer - Mech,All/TVSMotorcompanylimitedDesignEngineerMech_799.html
TVS Motor company limited,Hardware Design Engineer,All/TVSMotorcompanylimitedHardwareDesignEngineer_800.html
TVS Motor company limited,Software Engineer,All/TVSMotorcompanylimitedSoftwareEngineer_801.html
TVS Motor company limited,Software Engineer,All/TVSMotorcompanylimitedSoftwareEngineer_802.html
TVS Motor company limited,Software Engineer,All/TVSMotorcompanylimitedSoftwareEngineer_803.html
U GRO Capital,Management Trainee,All/UGROCapitalManagementTrainee_804.html
Uber,Software Engineer,All/UberSoftwareEngineer_805.html
Ubiquiti Technical Services Pvt Ltd,Senior Quality Assurance Engineer,All/UbiquitiTechnicalServicesPvtLtdSeniorQualityAssuranceEnginee_806.html
Ubiquiti Technical Services Pvt Ltd,UI/UX Technical Support Engineer,All/UbiquitiTechnicalServicesPvtLtdUIUXTechnicalSupportEngineer_807.html
UIDAI,Technical Executive,All/UIDAITechnicalExecutive_808.html
UiPath Robotic Process Automation,Software Engineer I,All/UiPathRoboticProcessAutomationSoftwareEngineerI_809.html
Unilever,R&D UFLP- Unilever Future Leaders programme,All/UnileverRDUFLPUnileverFutureLeadersprogramme_810.html
Unilever,UFLP- UnileverFuture Leaders programme,All/UnileverUFLPUnileverFutureLeadersprogramme_811.html
United Airlines,Associate- Data Scientist,All/UnitedAirlinesAssociateDataScientist_812.html
University Of Petroleum Energy Studies,Assistant Professor,All/UniversityOfPetroleumEnergyStudiesAssistantProfessor_813.html
Vantage Research,Scientist-Modeling and Simulation,All/VantageResearchScientistModelingandSimulation_814.html
Vantage Research,Senior Scientist - Modeling and Simulation,All/VantageResearchSeniorScientistModelingandSimulation_815.html
Vardhman Textiles Limited,Textile Post Graduate Traine,All/VardhmanTextilesLimitedTextilePostGraduateTraine_816.html
VE Commercial Vehicles Ltd.,PGET,All/VECommercialVehiclesLtdPGET_817.html
Vedanta Limited,Vedanta Leadership Development Program,All/VedantaLimitedVedantaLeadershipDevelopmentProgram_818.html
Vera Solutions,Junior Developer,All/VeraSolutionsJuniorDeveloper_819.html
Virohan Private Limited,Associate Product Manager,All/VirohanPrivateLimitedAssociateProductManager_820.html
Virohan Private Limited,UI/UX Designer,All/VirohanPrivateLimitedUIUXDesigner_821.html
Vyapar App,Software Developer,All/VyaparAppSoftwareDeveloper_822.html
Wells Fargo International Solutions Private Limited,Program Associate,All/WellsFargoInternationalSolutionsPrivateLimitedProgramAssocia_823.html
WestBridge Capital,Investment Analyst,All/WestBridgeCapitalInvestmentAnalyst_824.html
Wipro Enterprises,P,All/WiproEnterprisesP_825.html
Wipro Enterprises,P,All/WiproEnterprisesP_826.html
WorldQuant,Quantitative Researcher,All/WorldQuantQuantitativeResearcher_827.html
www.enerzinx.com,Application Engineer - I,All/wwwenerzinxcomApplicationEngineerI_828.html
www.jjplastalloy.com,Assistant Manager - R&D,All/wwwjjplastalloycomAssistantManagerRD_829.html
Yubi,Software Engineer,All/YubiSoftwareEngineer_830.html
Zen Linen International Private Limited,Management Engineer Trainee,All/ZenLinenInternationalPrivateLimitedManagementEngineerTrainee_831.html
zHealth,Software Development Engineer I,All/zHealthSoftwareDevelopmentEngineerI_832.html
ZL TECHNOLOGIES INDIA PVT LTS,Software Engineer,All/ZLTECHNOLOGIESINDIAPVTLTSSoftwareEngineer_833.html
Zomato Limited,Sde,All/ZomatoLimitedSde_834.html
Zupee,Founder's Team,All/ZupeeFoundersTeam_835.html
