Easy_1,Easy_2,Easy_3,Easy_4,Easy_5,Hard_1,Medium_1,Medium_2
Two Sum,Merge Sorted Array,Happy Number,Palindrome Number,Contains Duplicate II,Regular Expression Matching,Add Two Numbers,Permutations
Roman to Integer,Pascal's Triangle,Delete Node in a Linked List,Remove Element,Summary Ranges,,Longest Substring Without Repeating Characters,Find First and Last Position of Element in Sorted Array
Longest Common Prefix,Valid Palindrome,Linked List Cycle,Search Insert Position,Power of Two,,Longest Palindromic Substring,Remove Nth Node From End of List
Valid Parentheses,Best Time to Buy and Sell Stock,Intersection of Two Linked Lists,Length of Last Word,Add Digits,,Reverse Integer,3Sum
Merge Two Sorted Lists,Single Number,Reverse Linked List,Add Binary,Ugly Number,,String to Integer (atoi),Generate Parentheses
Remove Duplicates from Sorted Array,Majority Element,Contains Duplicate,Remove Duplicates from Sorted List,First Bad Version,,Container With Most Water,Search in Rotated Sorted Array
Implement strStr(),Binary Tree Inorder Traversal,Palindrome Linked List,Pascal's Triangle II,Word Pattern,,Letter Combinations of a Phone Number,Valid Sudoku
Plus One,Excel Sheet Column Number,Valid Anagram,Excel Sheet Column Title,Range Sum Query   Immutable,,Divide Two Integers,Count and Say
Sqrt(x),Reverse Bits,Missing Number,Remove Linked List Elements,Counting Bits,,Rotate Image,"Pow(x, n)"
Climbing Stairs,Number of 1 Bits,Reverse String,Isomorphic Strings,Power of Four,,Group Anagrams,Maximum Subarray
,,Intersection of Two Arrays II,,,,,
,,First Unique Character in a String,,,,,
,,Fizz Buzz,,,,,
,,Power of Three,,,,,
